Outlet_ID,Cuisine_Type,Location_Type,Average_Daily_Customers,Average_Bill_Value,Delivery_Order_Percentage,Seating_Capacity,Employee_Count,Promotion_Spend,Customer_Rating,Monthly_Revenue
1,Chinese,High Street,362.3,1042.82,9.5,134.9,15,53782.83,3.61,324584.4
2,North Indian,Food Court,401.1,288.92,72.15,21.1,18,89237.04,1.78,240251.51
3,Continental,Food Court,273.2,587.58,99.94,120.8,36,38066.3,3.61,243306.62
4,Continental,High Street,375.9,436.57,12.47,17.7,9,23291.31,4.7,206589.02
5,Italian,Airport,398.0,648.68,54.59,57.4,37,21761.4,3.64,259066.32
6,Fast Food,Standalone,481.8,473.0,95.44,139.3,7,30664.83,2.57,269374.01
7,Continental,Airport,153.6,733.49,7.24,66.3,24,24181.44,3.88,188878.03
8,Chinese,Mall,226.8,430.08,91.71,81.0,31,20349.51,2.36,191384.4
9,Continental,Airport,218.3,699.21,33.72,87.5,7,94490.87,1.35,243486.33
10,Continental,Standalone,276.6,1280.56,60.42,97.6,25,76896.78,1.65,300119.66
11,Chinese,Airport,489.9,1402.36,64.71,119.2,36,43340.82,3.59,428414.9
12,North Indian,Mall,250.9,1472.01,66.38,52.2,7,36816.8,3.43,344871.83
13,Continental,High Street,127.1,620.98,11.84,80.4,33,6963.63,1.3,155880.65
14,Continental,Food Court,227.4,223.86,49.3,41.1,29,40668.02,1.11,143636.09
15,South Indian,Mall,172.0,256.62,28.41,26.6,21,81325.32,1.15,152192.59
16,South Indian,Mall,284.4,645.45,24.26,78.1,22,16695.4,2.25,219946.9
17,North Indian,Airport,248.1,1080.48,99.93,120.0,20,63573.88,2.13,300902.27
18,North Indian,High Street,139.8,638.39,11.6,66.9,21,49545.17,4.8,189402.5
19,Fast Food,Food Court,394.5,725.84,75.29,119.9,24,39933.08,2.38,274300.55
20,Chinese,Airport,382.2,486.99,60.82,13.5,34,99448.35,3.67,253600.95
21,Chinese,Airport,441.2,319.35,49.92,16.4,30,85230.45,2.43,240327.12
22,North Indian,High Street,317.4,1185.05,17.52,61.2,24,92152.69,1.06,346321.74
23,Fast Food,Airport,247.4,1125.97,22.39,44.5,14,89657.88,4.9,320768.79
24,Chinese,Airport,327.7,1284.85,48.25,64.0,11,24512.6,2.96,334295.94
25,Continental,High Street,349.8,1224.55,21.9,40.2,36,74872.36,2.22,357767.44
26,South Indian,Mall,267.6,1082.78,71.73,123.2,9,94249.99,3.22,332849.32
27,Fast Food,Food Court,307.7,801.68,59.41,77.1,40,91360.8,4.64,290635.47
28,North Indian,High Street,334.5,610.28,26.1,99.1,4,6370.31,1.17,217262.85
29,North Indian,High Street,126.3,666.02,62.36,55.3,16,97902.94,4.34,224709.34
30,Continental,Mall,311.7,819.18,91.03,90.7,23,14429.74,2.35,267424.51
31,North Indian,High Street,356.4,243.39,19.2,142.2,19,71635.98,3.12,218735.01
32,South Indian,Food Court,267.6,1018.83,64.28,141.9,8,49247.06,2.7,299088.26
33,Italian,Food Court,207.7,802.98,86.35,45.8,36,26352.14,2.06,233443.16
34,North Indian,Mall,412.5,631.44,42.23,93.8,9,26549.66,2.74,270782.66
35,South Indian,High Street,368.1,800.43,56.91,29.7,17,49247.06,2.25,277856.16
36,North Indian,Standalone,485.7,220.75,15.88,64.4,4,63451.9,4.89,221541.7
37,Continental,High Street,343.4,456.88,37.54,45.8,29,50230.19,3.2,221096.14
38,Chinese,Standalone,306.8,742.22,51.86,75.3,16,19455.62,2.32,233938.78
39,Chinese,Standalone,215.1,835.75,72.69,55.5,35,28989.55,3.25,232654.59
40,Chinese,Airport,156.7,744.51,32.51,133.6,9,38592.14,3.69,206311.1
41,South Indian,Mall,356.2,1343.04,49.92,45.1,28,48081.28,3.52,351613.33
42,Italian,Mall,264.3,1352.13,47.75,16.7,27,72282.03,2.55,337126.11
43,South Indian,Standalone,413.6,1210.65,93.93,148.6,13,48209.49,2.7,350456.48
44,South Indian,High Street,452.5,238.53,31.83,73.8,28,45235.11,1.21,219546.57
45,North Indian,Mall,71.1,432.23,45.42,15.2,21,79330.98,3.15,147990.27
46,Continental,Airport,278.0,494.56,13.69,52.3,9,1297.67,3.63,169501.31
47,Fast Food,High Street,385.1,620.83,71.04,127.3,12,10389.14,3.24,256245.26
48,Continental,Airport,150.6,425.72,72.46,70.4,28,82828.3,4.63,195374.67
49,Fast Food,Airport,109.3,1217.65,26.15,81.1,6,44681.03,4.27,243972.72
50,North Indian,Mall,241.7,552.38,71.22,143.2,21,82271.62,4.39,232951.64
51,South Indian,Food Court,78.7,898.07,68.84,54.5,28,6117.99,4.99,190071.68
52,South Indian,Food Court,53.9,1481.54,42.44,130.9,33,49247.06,1.23,282682.58
53,Continental,High Street,267.6,169.6,5.76,146.2,28,49247.06,4.76,169217.4
54,North Indian,Mall,184.1,835.75,53.88,129.0,21,57277.65,1.06,238046.69
55,North Indian,Standalone,60.8,1412.46,13.78,127.5,36,87120.1,1.97,298762.02
56,Fast Food,Airport,255.0,1070.41,63.77,149.7,38,59319.18,4.34,282281.06
57,Continental,Food Court,429.9,1075.56,39.48,13.8,30,85993.87,1.35,359898.49
58,Chinese,Food Court,250.5,1248.1,98.0,19.6,11,86596.6,2.55,320988.42
59,Fast Food,Mall,454.7,742.71,38.2,31.1,9,91118.36,3.74,314437.0
60,Continental,Standalone,150.4,1057.27,50.03,126.8,13,25361.21,1.32,247447.66
61,South Indian,Food Court,267.6,216.36,49.21,112.8,38,35360.65,2.29,174128.49
62,Italian,High Street,343.6,835.75,88.17,124.7,12,35675.67,3.6,273296.12
63,South Indian,Mall,201.1,1130.92,36.58,116.6,37,34547.42,1.01,238463.77
64,North Indian,Standalone,323.5,1047.91,22.24,100.6,23,85970.39,4.61,328930.16
65,Continental,Standalone,56.5,969.22,2.22,65.9,14,58482.0,4.43,224497.77
66,Italian,Food Court,136.9,827.48,82.23,114.7,16,26771.03,1.41,224110.55
67,North Indian,Standalone,55.6,563.64,24.53,111.7,32,4537.14,4.15,136805.46
68,Fast Food,Mall,458.6,672.7,95.01,24.9,29,3503.17,4.49,271666.47
69,Continental,Airport,392.8,835.75,0.83,139.3,24,99448.35,3.89,328956.55
70,Continental,Mall,336.2,505.87,65.76,146.8,27,85232.87,3.73,248741.48
71,North Indian,Mall,107.3,1368.88,42.34,150.0,20,25564.37,5.0,295023.53
72,Continental,Airport,62.2,616.21,6.59,120.6,6,1148.18,2.96,134738.39
73,Italian,High Street,173.4,355.44,9.42,36.2,31,19503.95,2.37,137330.4
74,Fast Food,Standalone,313.3,1199.23,33.58,115.4,9,48283.49,2.55,364980.43
75,South Indian,High Street,132.2,679.2,49.92,105.2,4,59102.4,2.49,200997.23
76,Fast Food,High Street,68.4,835.75,89.99,28.3,17,68042.16,1.43,203125.72
77,Italian,Airport,144.6,338.05,51.78,124.1,36,66623.49,3.37,165712.51
78,North Indian,Mall,279.3,833.72,0.43,25.2,19,16137.34,2.79,217051.69
79,Chinese,Standalone,116.3,208.28,70.79,113.7,28,53182.14,3.15,128154.16
80,Chinese,High Street,91.6,533.24,48.1,133.9,29,34112.23,3.59,159819.85
81,Chinese,Mall,267.6,1142.84,78.97,90.1,36,59487.7,3.78,314817.91
82,North Indian,Food Court,233.6,432.58,31.0,80.9,30,76718.46,2.96,202336.91
83,Italian,High Street,164.0,176.63,99.19,70.3,23,12744.31,2.26,115614.77
84,Continental,High Street,217.2,349.88,8.85,149.6,32,31023.79,2.05,167662.39
85,South Indian,Food Court,460.3,942.63,55.58,102.2,17,9947.21,2.72,315486.47
86,Fast Food,Food Court,230.7,1490.24,5.0,106.4,29,26406.71,1.93,328587.76
87,Fast Food,Airport,142.7,1130.77,40.46,130.7,17,87820.67,2.59,282732.51
88,North Indian,Standalone,477.9,1446.77,11.83,38.0,24,1754.76,3.5,382952.87
89,Continental,Airport,327.3,1457.66,48.93,148.8,12,4126.68,2.07,364524.04
90,Chinese,Mall,212.2,255.74,4.41,95.5,15,69543.05,2.5,150639.67
91,Italian,High Street,427.3,643.99,98.36,104.2,13,13749.34,3.92,267028.76
92,Continental,Food Court,205.5,1128.66,83.26,110.1,19,80641.67,3.51,306524.63
93,South Indian,Airport,109.1,1476.62,40.0,132.1,18,39303.88,1.35,283889.54
94,North Indian,Mall,294.3,420.85,6.94,148.4,9,88641.64,2.66,212121.62
95,North Indian,Mall,105.0,875.06,29.25,141.0,19,44644.53,1.98,209118.12
96,South Indian,Mall,128.3,1125.96,31.75,72.6,30,5684.2,1.83,243189.72
97,North Indian,Mall,284.8,275.69,43.8,26.5,9,71458.35,1.16,180398.7
98,South Indian,Standalone,493.3,904.59,42.97,24.3,23,24218.07,4.85,324666.59
99,Continental,Food Court,414.7,1464.04,15.09,29.1,9,96283.66,2.97,416822.56
100,Continental,Food Court,101.0,1134.85,64.35,111.2,19,92738.74,1.53,277465.7
101,Chinese,High Street,144.9,1196.15,97.47,91.3,15,95627.16,1.42,309578.7
102,South Indian,Mall,491.5,714.48,11.64,81.0,16,6600.64,1.16,273458.89
103,Continental,Mall,176.6,1408.92,63.3,23.8,10,9759.75,1.81,293153.8
104,Chinese,Food Court,267.6,962.47,43.47,124.3,36,66111.32,3.73,288377.35
105,North Indian,High Street,338.9,248.96,27.61,137.4,37,74752.83,1.75,183929.24
106,Chinese,Mall,309.7,719.1,67.21,26.9,36,85205.17,1.74,270711.81
107,Chinese,Airport,169.8,1457.08,99.36,54.9,15,67145.08,3.42,357455.98
108,South Indian,Airport,296.3,1069.42,86.12,23.5,11,26378.44,2.57,302071.32
109,Chinese,Mall,261.3,956.78,35.58,89.9,4,70911.04,1.22,286151.6
110,Continental,Mall,113.3,1041.52,4.45,11.4,23,18759.78,3.84,223442.37
111,Italian,High Street,132.5,1073.84,65.65,57.5,26,81562.1,4.61,277083.59
112,South Indian,Airport,334.5,862.54,55.68,92.8,15,33634.01,4.71,281970.48
113,Italian,High Street,313.4,611.12,45.17,144.9,40,40145.38,2.49,236933.29
114,Chinese,Mall,157.8,593.85,18.29,34.0,13,10291.17,1.03,151685.13
115,South Indian,Standalone,434.0,717.45,50.0,118.7,21,44995.38,3.4,301965.86
116,Continental,Mall,77.0,364.86,48.07,74.6,19,16477.28,4.81,124221.47
117,Fast Food,High Street,187.7,292.29,66.65,105.7,11,79751.46,2.13,169840.98
118,Continental,Mall,375.1,1209.38,49.92,72.1,9,57003.78,2.96,342521.32
119,North Indian,Airport,494.0,212.64,50.79,39.3,36,93188.33,2.49,254764.6
120,South Indian,High Street,126.8,1311.1,33.45,68.5,11,13767.03,3.86,272111.34
121,Fast Food,Mall,228.6,1077.27,2.56,86.0,29,99448.35,4.42,284767.42
122,North Indian,High Street,386.3,753.14,38.28,62.6,5,42603.62,2.45,240493.59
123,Fast Food,High Street,149.3,821.22,42.08,68.9,8,50807.37,4.3,214893.18
124,South Indian,Airport,112.0,1013.94,35.64,114.6,16,32460.32,1.01,217624.7
125,Italian,Standalone,170.4,808.42,31.87,114.1,28,49814.72,4.85,227704.25
126,North Indian,Standalone,183.0,166.98,59.65,47.6,22,92679.25,3.13,153855.28
127,Continental,Mall,446.1,1357.71,74.24,13.1,14,32332.01,2.06,369499.66
128,Continental,Standalone,196.6,696.56,68.69,110.5,9,81979.31,4.99,258031.22
129,Chinese,Mall,192.5,509.25,42.88,71.1,4,35379.6,1.4,173000.35
130,Fast Food,Standalone,73.7,274.67,63.96,96.5,24,13985.45,4.52,109087.65
131,Continental,Food Court,123.2,1250.91,49.57,99.9,32,17239.29,2.31,272080.85
132,Italian,High Street,315.3,1387.9,60.41,50.9,25,23945.48,2.96,330593.21
133,Continental,Food Court,101.4,1102.64,76.69,137.0,37,73278.6,2.33,284674.59
134,Chinese,Standalone,267.6,901.96,6.52,110.1,38,85723.99,3.39,286230.76
135,South Indian,High Street,56.1,959.6,12.45,69.6,8,67476.08,2.38,217620.84
136,North Indian,Airport,282.1,835.75,90.61,97.0,23,1148.18,2.96,240285.24
137,Continental,High Street,325.2,253.01,46.45,103.5,22,60220.85,3.47,185299.24
138,Fast Food,Airport,107.4,252.1,72.51,105.1,28,6078.18,4.87,118964.02
139,Fast Food,Food Court,104.3,932.5,53.86,71.7,13,25282.94,2.66,213269.19
140,Italian,Airport,55.0,1368.82,72.16,69.1,26,22419.07,4.56,257954.53
141,North Indian,Airport,281.2,170.85,63.3,87.5,18,19252.16,3.27,145550.7
142,South Indian,Airport,268.6,851.57,80.6,86.4,38,68852.44,1.13,290273.1
143,Fast Food,Airport,456.3,676.52,1.57,28.4,5,14499.2,4.93,247534.36
144,North Indian,High Street,124.7,413.73,49.92,127.4,14,88866.86,4.98,190741.79
145,North Indian,Food Court,251.4,398.7,81.25,30.8,23,90497.98,2.42,203629.97
146,South Indian,Food Court,190.3,1007.83,0.84,110.7,17,40612.38,1.75,252416.47
147,Italian,High Street,392.2,187.09,92.72,32.4,15,97803.44,2.47,221978.26
148,Chinese,Standalone,300.4,675.85,39.47,63.6,14,49247.06,4.87,249500.72
149,North Indian,Food Court,140.3,1214.34,17.95,90.9,21,53690.8,2.44,269272.04
150,Chinese,Mall,68.1,448.96,68.74,76.7,16,83673.76,3.73,161547.9
151,Italian,High Street,312.5,276.89,44.29,88.4,35,54265.41,4.2,197652.99
152,Chinese,Airport,395.6,604.13,42.48,20.2,34,32733.36,2.02,240049.9
153,Fast Food,Mall,103.1,897.21,8.43,63.4,3,74974.64,1.76,220541.89
154,Chinese,Food Court,426.7,1009.18,3.48,132.3,11,48596.96,1.23,316229.37
155,South Indian,Standalone,188.1,484.21,56.38,59.3,20,49247.06,4.47,182730.54
156,North Indian,Airport,149.0,1489.06,61.35,107.4,38,80557.35,1.96,332823.46
157,Fast Food,Food Court,196.1,1104.07,8.67,53.5,28,60944.64,1.28,241328.55
158,Chinese,Standalone,232.3,1224.31,96.2,120.9,9,34197.9,3.15,307634.13
159,Chinese,Airport,248.3,562.33,47.03,32.3,25,71025.36,1.16,233631.66
160,South Indian,Mall,474.8,378.72,10.69,61.3,25,16408.33,1.37,232567.24
161,Italian,Standalone,182.4,440.94,16.03,80.3,32,85719.76,4.02,190859.46
162,North Indian,Standalone,460.7,322.22,63.26,110.8,15,40400.66,1.08,233735.15
163,Continental,Food Court,235.7,1326.53,23.01,106.0,40,72655.99,3.67,338884.05
164,North Indian,Standalone,456.2,839.42,49.92,59.0,33,79655.36,4.61,343438.48
165,North Indian,Mall,267.6,292.05,29.89,129.1,39,1149.8,4.09,155415.73
166,Fast Food,Standalone,255.5,1003.84,99.7,81.0,26,66691.9,2.11,314910.85
167,Italian,Airport,319.8,1185.83,74.82,11.1,31,17650.12,2.34,319249.17
168,Fast Food,Mall,343.4,951.43,94.42,57.2,8,86814.66,1.38,326221.53
169,North Indian,Mall,438.3,215.56,4.47,33.6,23,6480.98,2.97,185481.27
170,Chinese,Standalone,186.1,239.74,92.94,135.4,12,37195.5,2.53,150700.27
171,Chinese,Food Court,107.9,485.78,6.16,26.1,15,81547.22,1.48,161150.52
172,South Indian,Standalone,100.0,1447.87,89.45,103.8,16,37115.3,4.45,312417.39
173,Italian,Mall,326.4,1436.11,25.02,81.7,18,51924.92,1.19,354233.17
174,Continental,Mall,442.9,1097.91,48.36,53.2,31,66302.34,1.76,349899.38
175,South Indian,High Street,421.2,844.8,3.45,68.9,15,3014.38,1.34,269770.96
176,Fast Food,Mall,175.8,701.87,65.71,71.1,24,65249.94,2.18,232734.66
177,Fast Food,High Street,438.6,574.99,91.44,94.5,14,22145.19,3.73,253069.5
178,South Indian,High Street,347.8,1383.15,33.47,115.7,8,43377.11,3.74,341240.52
179,Fast Food,Mall,360.4,1354.41,76.35,42.3,14,94734.49,4.73,394249.17
180,Continental,Airport,238.3,1180.47,42.46,73.3,29,3116.24,3.63,280918.02
181,Fast Food,High Street,140.9,1290.1,95.66,29.7,33,69339.12,2.96,308684.29
182,North Indian,Mall,412.3,464.61,82.12,119.9,35,82931.75,4.89,284009.7
183,North Indian,Airport,288.4,359.26,5.57,136.6,16,46074.81,1.13,182483.6
184,North Indian,Standalone,388.3,861.88,10.76,88.8,36,60676.78,1.77,320911.36
185,North Indian,Mall,425.6,1052.71,41.67,99.0,23,78372.24,2.84,334486.83
186,South Indian,Mall,324.6,1068.32,82.95,120.1,8,85901.82,3.9,326846.58
187,Fast Food,Airport,193.4,286.72,3.94,83.6,4,82101.13,3.84,159141.37
188,Chinese,High Street,366.8,1491.33,40.77,119.5,28,53551.78,4.26,369383.48
189,South Indian,Food Court,419.5,1380.71,12.73,56.1,38,10649.63,4.81,362947.8
190,South Indian,Standalone,479.3,1403.25,63.1,81.0,39,34028.82,2.6,430517.16
191,South Indian,Airport,83.6,173.34,52.08,125.1,29,47660.72,1.79,108739.68
192,North Indian,Mall,193.8,1295.45,23.88,60.5,31,82509.15,1.13,318027.23
193,Italian,Food Court,387.5,835.75,83.27,22.2,22,37781.83,3.3,273843.48
194,North Indian,Airport,78.4,990.13,19.22,79.2,6,5315.41,4.53,191840.49
195,Italian,High Street,454.0,908.63,75.94,103.0,8,4109.93,1.64,301104.1
196,Fast Food,High Street,305.8,835.47,99.89,37.9,29,46199.83,2.51,272952.96
197,Italian,Mall,425.9,948.32,69.39,96.2,10,2471.44,1.03,316389.74
198,Fast Food,Food Court,388.2,1027.44,16.82,41.2,27,1637.69,1.97,297311.03
199,North Indian,High Street,452.0,188.57,72.78,63.6,7,70457.86,3.84,217284.59
200,South Indian,Airport,192.8,1102.77,7.41,81.0,27,33629.65,1.62,262560.71
201,Continental,Food Court,459.9,1285.49,68.97,82.0,25,46069.9,1.34,392964.66
202,Italian,High Street,263.3,966.48,49.92,36.1,27,12579.7,2.96,265782.0
203,Chinese,Food Court,382.3,691.19,99.18,26.6,21,51727.54,3.94,294557.95
204,South Indian,Airport,441.5,403.7,54.12,81.0,29,7676.67,4.43,220586.03
205,North Indian,Mall,149.7,493.94,1.01,18.3,32,33044.77,3.51,147363.37
206,Fast Food,Standalone,354.2,1013.05,51.35,53.5,36,9297.8,1.1,278690.29
207,Italian,Airport,348.8,876.19,76.9,14.0,26,6043.07,3.3,266953.96
208,Fast Food,Standalone,440.2,487.61,49.92,103.9,28,46851.62,1.31,263840.12
209,South Indian,Airport,379.2,477.98,88.76,105.7,22,78460.41,4.23,274903.53
210,Italian,Food Court,499.1,568.13,90.59,73.8,38,31680.51,4.98,295001.64
211,North Indian,Airport,461.6,682.55,17.24,84.7,20,46414.18,3.33,283877.78
212,Italian,Standalone,398.1,350.89,49.92,66.6,18,49247.06,1.97,223246.42
213,North Indian,Airport,371.6,599.19,63.05,106.0,13,88305.77,1.77,265608.43
214,Continental,Mall,408.8,1131.42,41.91,143.1,32,49247.06,3.5,380225.43
215,South Indian,Food Court,426.8,465.8,5.0,91.8,38,39279.99,1.48,223105.6
216,Italian,High Street,207.3,817.92,77.14,145.7,5,51243.87,1.2,245715.07
217,South Indian,High Street,61.1,267.11,70.44,129.8,21,46830.55,4.01,131173.93
218,South Indian,Food Court,436.5,321.06,96.17,15.4,12,74430.5,2.37,244913.05
219,North Indian,Standalone,406.1,1443.18,49.35,32.5,33,34222.64,4.85,383330.6
220,Italian,Mall,72.8,1279.59,68.82,90.3,8,50480.2,4.86,268938.79
221,South Indian,Airport,185.7,1078.68,14.98,35.0,32,14114.18,2.09,241351.6
222,North Indian,High Street,230.8,862.58,95.44,146.5,9,49239.51,3.35,281037.05
223,North Indian,Standalone,207.6,1384.5,21.13,27.7,33,78509.8,3.41,307921.03
224,Chinese,Food Court,441.4,835.75,33.36,97.5,37,14847.38,3.67,315300.24
225,Italian,Mall,300.8,574.69,30.08,45.4,12,40034.45,2.11,203466.73
226,Continental,Airport,117.8,720.65,64.39,81.0,20,69738.76,3.0,208329.07
227,Italian,Standalone,112.7,1174.5,74.42,19.1,19,38046.42,4.88,254785.65
228,Continental,Airport,312.5,649.02,51.94,134.0,29,56994.47,3.95,264299.44
229,South Indian,Standalone,420.6,1134.71,24.01,123.9,28,51738.2,1.41,322564.08
230,North Indian,Airport,104.6,544.76,51.92,134.5,39,49247.06,1.24,177204.87
231,Continental,Food Court,364.9,1490.04,35.64,129.4,8,23109.65,1.36,403631.56
232,Continental,Mall,371.2,1420.53,17.49,106.4,33,26234.82,3.09,346134.91
233,South Indian,Airport,479.3,316.43,27.14,127.3,38,84294.06,2.7,268559.24
234,Chinese,Airport,473.1,1388.76,38.51,61.2,6,32464.74,4.09,379690.65
235,North Indian,Airport,373.2,700.75,28.68,57.4,11,58798.73,2.94,270427.16
236,Chinese,Food Court,418.8,649.9,18.86,97.7,4,10133.55,1.26,245462.51
237,Italian,Food Court,67.1,840.5,93.55,62.5,12,94832.66,3.47,223300.34
238,South Indian,Food Court,359.2,1497.6,43.3,19.1,38,71003.56,2.23,398268.59
239,Fast Food,Airport,426.8,699.55,35.99,127.0,9,86014.73,2.53,326661.75
240,North Indian,Standalone,199.4,709.08,51.2,71.3,8,74983.93,3.24,228054.25
241,North Indian,Standalone,278.3,1270.05,21.06,79.2,14,56552.35,1.27,331703.18
242,North Indian,Airport,146.8,553.99,14.77,128.3,5,59050.98,1.99,166400.41
243,North Indian,Airport,80.3,1495.69,67.07,120.1,11,54294.24,1.28,292174.48
244,South Indian,Standalone,498.0,1230.21,61.62,70.2,33,9976.71,3.27,379645.53
245,Chinese,High Street,330.2,189.32,91.09,31.2,29,98745.66,3.67,222329.2
246,Continental,Mall,184.5,731.77,78.45,45.3,37,89155.0,3.85,251126.53
247,South Indian,Standalone,483.0,999.72,82.42,115.3,12,74987.65,3.92,366724.38
248,Continental,Mall,199.8,558.62,33.79,83.2,39,93030.69,3.95,222968.55
249,Fast Food,Food Court,190.9,913.75,25.85,69.8,37,50489.08,2.41,230653.34
250,Fast Food,Airport,376.1,545.11,70.28,119.8,10,54336.99,1.46,260424.78
251,Chinese,Airport,348.7,298.01,87.51,12.9,39,43582.69,1.32,208690.4
252,North Indian,Mall,146.7,520.46,93.48,109.7,24,36332.35,3.29,179380.67
253,Fast Food,Mall,164.8,1136.06,65.28,47.9,21,91929.62,2.84,288078.59
254,Continental,Airport,387.6,369.4,36.5,10.8,36,62936.26,2.53,227777.77
255,Fast Food,Standalone,476.5,569.28,69.36,104.9,12,4193.59,2.06,258101.46
256,Fast Food,Mall,460.4,1258.13,46.47,19.9,31,21267.81,3.45,362418.78
257,North Indian,High Street,316.5,173.82,18.12,114.8,17,71881.9,2.61,200110.18
258,Fast Food,Food Court,342.7,608.59,62.5,44.2,30,46631.22,3.12,245382.63
259,Fast Food,Standalone,157.7,581.84,26.05,44.8,36,23520.5,1.48,165503.9
260,South Indian,Airport,383.9,1136.42,18.72,79.1,13,79675.07,1.35,335978.12
261,Fast Food,Mall,220.8,1488.97,6.09,93.7,20,24521.96,2.01,331573.68
262,South Indian,Food Court,341.6,996.87,79.48,109.2,24,3730.05,3.95,291932.79
263,Chinese,Airport,289.2,1040.68,53.36,53.5,37,8979.73,4.53,275683.85
264,Continental,High Street,260.7,835.75,48.51,20.1,35,55397.21,3.17,271837.83
265,Continental,Standalone,65.8,212.45,91.5,48.2,7,14898.28,4.4,98985.55
266,Chinese,High Street,114.6,1405.31,94.89,23.8,30,76428.72,4.47,312546.24
267,Chinese,Standalone,330.9,732.74,89.81,69.4,17,86257.44,1.48,261094.49
268,Italian,Food Court,400.0,801.85,33.91,100.2,30,96980.95,2.28,331726.6
269,Italian,Airport,339.7,166.77,55.0,81.0,16,93080.77,3.5,198382.84
270,Continental,Airport,140.6,460.24,4.12,37.1,32,55579.62,1.57,159066.71
271,Italian,Food Court,299.0,251.42,98.64,10.9,23,76318.64,4.33,182528.77
272,Italian,High Street,170.0,1053.4,56.29,81.0,8,93486.18,3.63,296098.56
273,Italian,High Street,159.7,229.95,72.2,112.5,13,32273.62,3.7,127145.52
274,Chinese,Airport,93.1,222.49,16.96,131.6,13,23782.06,3.68,103896.12
275,Chinese,Airport,238.6,274.56,68.3,89.1,7,93226.27,4.63,193067.92
276,North Indian,Standalone,405.7,1445.71,53.35,122.6,25,27457.18,1.43,369658.68
277,South Indian,Airport,81.2,970.41,99.03,87.8,9,13529.96,2.71,208958.37
278,Continental,Food Court,175.8,1421.45,2.54,75.8,28,20695.32,4.56,309381.66
279,North Indian,High Street,394.1,808.24,3.4,108.2,27,81354.62,4.59,309007.68
280,Chinese,High Street,150.4,1474.33,31.67,40.3,12,51944.77,3.31,320604.1
281,Continental,Mall,256.0,698.44,6.5,80.1,20,35492.33,3.4,241246.34
282,Continental,Mall,177.8,894.04,52.85,107.5,18,49629.71,2.66,229404.97
283,North Indian,High Street,63.0,835.75,52.27,123.4,25,34359.04,3.62,209720.94
284,South Indian,Airport,212.7,872.88,18.49,16.6,37,79532.54,1.94,253837.95
285,North Indian,Food Court,157.6,386.7,52.56,35.9,32,66566.48,2.96,160366.68
286,Fast Food,Food Court,352.1,1137.77,72.84,79.6,12,7520.88,4.07,300903.39
287,Italian,High Street,305.1,1301.47,37.71,120.2,28,28165.01,2.1,329129.7
288,Continental,High Street,492.4,995.99,30.63,142.6,21,19320.01,1.64,348334.1
289,Chinese,Mall,486.3,1030.85,64.95,29.6,19,83947.15,1.99,365497.72
290,Chinese,Food Court,453.1,1198.26,97.06,18.7,21,39557.79,3.69,392700.29
291,Fast Food,Mall,110.8,1159.14,85.77,123.2,23,99448.35,2.46,283787.21
292,North Indian,Food Court,204.5,1275.06,28.71,28.4,8,68702.38,4.99,307407.88
293,South Indian,Mall,73.6,1011.91,74.88,10.0,18,99448.29,4.23,237835.61
294,South Indian,Standalone,55.7,1413.35,5.21,133.7,37,11073.66,3.76,269022.22
295,South Indian,Airport,271.5,532.35,29.56,54.4,8,51120.67,2.96,212083.97
296,North Indian,Standalone,363.1,1297.42,45.54,66.2,28,19922.64,4.65,339652.17
297,Fast Food,Food Court,450.6,708.42,82.52,22.3,25,48057.83,4.91,264774.0
298,Chinese,Standalone,77.8,756.26,60.77,31.6,16,8273.87,1.32,163981.88
299,North Indian,Mall,86.8,1254.01,53.51,49.4,22,22831.04,3.9,259218.19
300,North Indian,Standalone,107.5,904.14,18.42,101.2,31,8524.03,2.15,200525.0
301,Chinese,High Street,184.9,603.82,56.78,39.7,36,10281.44,2.23,186871.71
302,Fast Food,Food Court,274.7,387.03,75.74,131.5,14,24279.83,4.56,185101.52
303,Fast Food,Airport,247.4,1306.43,65.89,93.7,38,46097.98,3.23,340951.12
304,Italian,Airport,137.8,284.68,34.76,52.0,33,51786.96,2.75,142762.21
305,Chinese,Airport,136.3,305.95,16.84,136.0,30,13573.75,1.08,110679.43
306,Fast Food,Food Court,351.5,1048.63,95.33,144.3,15,77790.15,1.62,347540.81
307,Chinese,Airport,322.2,1079.1,39.4,112.3,22,18121.16,1.21,288625.59
308,Chinese,Food Court,408.0,392.52,38.28,64.8,22,41233.42,1.95,224760.67
309,Continental,High Street,77.5,1255.31,82.47,58.1,14,73798.64,3.62,285982.3
310,South Indian,Food Court,298.9,634.65,10.82,85.4,28,76455.66,1.28,239159.92
311,North Indian,Food Court,137.0,814.74,83.57,45.0,34,15002.42,1.89,198952.66
312,South Indian,High Street,58.6,835.75,10.46,104.7,7,64597.2,2.72,195203.33
313,Continental,Airport,164.5,204.38,0.27,111.3,30,17346.2,3.36,110300.09
314,Italian,High Street,86.5,526.84,26.59,14.0,8,68021.29,1.19,142058.1
315,Fast Food,Food Court,90.5,512.48,70.19,104.6,28,73776.55,3.64,185391.59
316,Chinese,Standalone,184.1,1058.35,80.79,40.2,7,62946.44,3.09,259761.22
317,Fast Food,Standalone,94.8,499.25,99.72,116.5,10,91746.07,4.92,198047.72
318,Continental,Mall,469.8,370.87,49.63,131.6,33,34202.95,1.03,250892.84
319,Italian,High Street,357.0,773.75,24.89,45.1,17,60329.37,2.07,255699.35
320,Chinese,Food Court,81.9,176.33,65.15,81.0,22,96377.91,4.9,132421.37
321,Italian,Standalone,108.1,1348.61,17.09,61.4,21,95658.76,2.46,317072.41
322,South Indian,Standalone,68.7,276.4,91.35,119.7,16,14868.89,2.96,104898.68
323,Italian,Mall,310.9,1499.66,53.44,134.2,22,87692.1,2.31,388341.79
324,North Indian,High Street,338.2,797.35,72.84,17.0,10,60236.42,4.51,283557.4
325,North Indian,Standalone,443.8,786.79,11.29,81.0,10,32058.73,4.67,300516.33
326,Chinese,High Street,439.8,835.75,71.41,133.8,13,57859.85,3.13,319763.42
327,Chinese,Airport,401.4,970.61,49.92,27.2,36,10433.51,3.63,292822.55
328,South Indian,Standalone,259.8,971.27,10.79,103.4,24,94720.31,2.48,312137.06
329,South Indian,High Street,173.8,1116.8,32.14,148.8,26,72285.42,3.17,309307.77
330,Continental,Airport,192.2,1273.52,87.74,81.0,29,4067.2,3.85,301287.28
331,Italian,Mall,71.6,152.45,35.29,90.2,25,5944.21,2.88,75646.42
332,Italian,Mall,222.5,1481.19,64.63,92.4,37,48439.69,2.24,336304.65
333,South Indian,Standalone,386.0,965.58,10.33,145.9,26,95332.22,3.42,329790.08
334,Fast Food,Standalone,354.7,432.87,34.36,105.4,29,9801.54,4.1,212634.69
335,Chinese,Airport,57.5,709.49,29.24,32.1,7,88932.78,3.91,189184.09
336,Chinese,Standalone,197.8,714.18,29.96,97.6,3,58253.28,1.4,224176.91
337,Fast Food,Mall,195.4,1049.81,55.5,70.8,22,75703.21,4.91,296250.99
338,Chinese,High Street,370.8,1043.54,14.7,87.9,15,43075.03,1.01,286483.83
339,Fast Food,Food Court,135.7,1287.98,38.61,54.6,27,25434.91,4.23,286439.14
340,South Indian,Airport,337.3,900.2,44.7,90.8,28,74730.23,4.37,297542.43
341,North Indian,Airport,372.8,212.69,75.01,23.3,33,72693.23,3.12,208671.03
342,Fast Food,Mall,183.0,703.9,79.52,69.2,34,51417.05,1.94,223583.88
343,Continental,Food Court,229.8,811.51,75.88,14.8,16,70274.44,1.27,265628.69
344,Fast Food,Standalone,376.8,1170.61,22.47,118.2,37,42415.97,2.96,382378.7
345,Chinese,Mall,111.7,1490.01,41.03,142.3,38,71503.18,2.96,338235.67
346,Chinese,Food Court,437.4,387.65,60.69,75.5,40,16921.59,4.13,233948.48
347,Continental,Mall,439.2,378.42,61.75,54.4,16,37466.13,4.65,243786.17
348,Chinese,Food Court,355.5,1209.12,37.69,81.0,14,13279.67,1.68,325856.67
349,Chinese,High Street,437.3,1394.77,62.52,34.4,28,45218.81,3.08,387404.64
350,South Indian,Airport,192.8,698.25,1.56,93.9,11,70988.27,3.46,234040.53
351,Fast Food,Mall,243.0,1166.29,4.6,25.8,7,58404.3,4.59,294162.26
352,Italian,Mall,332.8,517.2,49.92,48.7,33,29556.77,3.77,228069.94
353,North Indian,Standalone,150.8,862.12,5.22,148.0,8,25971.11,3.76,219028.76
354,Italian,Food Court,472.0,1024.56,62.34,121.6,21,18174.76,1.82,342627.07
355,South Indian,Standalone,445.0,1045.73,4.83,36.5,3,13475.59,4.1,318849.98
356,Chinese,High Street,387.2,274.9,52.38,81.0,35,34782.78,4.69,205898.78
357,Chinese,Mall,353.5,832.23,11.21,43.5,21,70568.76,1.71,276633.87
358,South Indian,High Street,63.1,968.62,9.84,70.8,27,94511.75,4.09,224650.94
359,Italian,Airport,139.9,597.74,39.88,34.5,36,24948.36,4.42,177089.94
360,Continental,Airport,377.1,858.08,39.77,124.7,8,77964.82,4.15,321621.78
361,North Indian,Food Court,148.0,325.54,49.86,142.7,20,42989.19,1.17,148836.82
362,Chinese,Food Court,112.1,1220.13,13.21,20.8,8,46827.09,4.8,274787.95
363,Chinese,High Street,98.2,306.07,83.21,10.2,15,36147.51,1.42,117670.46
364,Italian,Food Court,91.5,264.94,11.36,95.8,31,70753.68,1.61,128820.48
365,Fast Food,Airport,350.3,538.19,83.57,14.7,7,52595.71,1.49,222501.6
366,Fast Food,High Street,191.1,1470.9,94.01,81.0,20,32387.2,2.32,325871.65
367,Continental,Mall,401.7,1098.14,77.52,140.4,20,85575.8,1.91,378926.76
368,North Indian,Airport,54.7,323.81,67.86,49.8,15,4908.87,4.94,103687.11
369,North Indian,Airport,144.1,361.18,13.11,44.6,39,4308.1,2.96,121093.57
370,Italian,Mall,496.8,198.46,20.84,98.6,22,36671.65,4.38,224926.21
371,South Indian,Mall,61.6,163.2,17.83,108.0,27,98771.59,3.25,114132.18
372,Fast Food,Standalone,346.0,552.76,17.19,33.1,36,83559.4,1.72,244996.59
373,Italian,Mall,349.4,1057.17,51.74,16.0,7,84829.43,4.79,338432.12
374,Chinese,Food Court,347.0,802.07,84.75,69.5,14,49247.06,4.53,292663.79
375,Chinese,Airport,236.2,1169.33,64.14,26.1,23,7120.01,4.59,284595.64
376,North Indian,Food Court,308.2,170.92,95.85,139.9,34,42549.14,2.24,185848.49
377,Italian,Food Court,396.7,155.54,9.85,79.5,24,69674.1,3.86,200884.57
378,Chinese,Standalone,184.8,835.75,82.58,97.6,8,90041.16,3.37,255591.79
379,Chinese,Mall,143.1,1158.88,24.28,112.1,28,76486.2,3.26,293797.15
380,Fast Food,High Street,150.4,1257.37,39.18,63.4,38,35657.3,3.35,286159.74
381,South Indian,Airport,106.1,861.13,60.39,30.4,16,98336.76,2.08,237163.12
382,Chinese,Airport,445.4,737.56,83.28,85.9,7,81896.34,2.74,310336.24
383,North Indian,Mall,58.3,1399.54,93.34,52.8,26,52423.4,3.88,265082.74
384,Continental,Standalone,371.9,553.04,71.9,124.9,37,61491.72,1.67,278542.66
385,Chinese,Airport,202.1,452.77,24.3,97.4,37,2099.41,1.25,152607.24
386,South Indian,Standalone,325.0,883.78,10.68,139.9,35,22244.62,2.0,259330.82
387,Continental,Food Court,267.6,293.22,17.42,98.8,20,9358.91,2.52,156111.86
388,Fast Food,Standalone,380.1,935.23,16.55,48.9,13,68017.74,2.79,301337.5
389,Continental,Standalone,274.6,1259.23,86.76,25.8,39,67538.79,2.15,355190.4
390,South Indian,High Street,69.2,1054.46,30.54,75.6,24,59677.66,1.95,238949.64
391,Italian,High Street,94.4,1420.64,60.93,113.5,16,16275.29,4.23,295272.23
392,Fast Food,Airport,273.9,1236.27,44.0,60.3,14,48019.01,2.96,299365.47
393,North Indian,Food Court,168.1,688.8,42.33,65.3,32,63335.13,1.9,221842.89
394,South Indian,Airport,86.9,546.85,21.69,66.1,36,71622.28,1.95,169751.98
395,Chinese,Mall,380.3,1038.84,55.92,59.7,6,90554.17,1.63,332524.0
396,North Indian,Airport,97.6,1196.36,33.92,71.1,16,49247.06,4.32,261703.2
397,Italian,Standalone,377.4,256.19,15.59,27.7,17,65017.92,1.34,180472.48
398,North Indian,Standalone,468.8,1216.47,84.1,81.0,38,19734.14,3.59,380483.08
399,South Indian,High Street,447.6,795.68,49.92,31.6,7,81033.25,2.54,299566.29
400,Continental,Standalone,85.2,592.33,4.51,28.0,36,71940.45,2.12,157116.26
401,Continental,Mall,378.6,875.87,71.42,36.3,12,44328.12,3.02,279724.41
402,South Indian,Standalone,289.5,519.96,27.91,147.3,13,73148.71,1.11,239347.82
403,Continental,Airport,468.9,835.75,38.94,81.0,13,40825.18,2.96,303641.8
404,Italian,High Street,413.5,1432.27,3.31,57.5,22,49597.75,4.59,412240.55
405,Chinese,Mall,290.4,194.99,0.8,77.0,39,62625.61,1.58,165165.88
406,Italian,Standalone,432.3,835.75,36.45,41.1,19,65761.69,1.46,281890.38
407,Continental,Food Court,280.5,1237.57,35.24,138.9,19,72670.01,3.66,324821.76
408,Italian,High Street,426.4,1354.28,54.64,111.5,32,52334.85,1.84,405587.76
409,Fast Food,Airport,394.6,1009.71,66.01,15.1,21,22136.86,4.64,307820.86
410,South Indian,High Street,103.2,258.96,91.64,35.0,18,21742.3,4.77,114509.51
411,Chinese,Mall,159.0,1089.44,51.01,96.7,22,11809.68,2.95,249738.52
412,South Indian,Standalone,63.5,590.24,56.04,119.6,10,80809.9,2.96,183994.43
413,North Indian,High Street,393.1,307.07,86.97,140.2,6,98155.44,1.65,262934.44
414,Fast Food,High Street,112.3,1117.21,95.32,74.1,23,33117.64,4.03,273618.59
415,Italian,Mall,205.2,1001.25,77.05,62.9,24,25961.41,1.26,251037.46
416,North Indian,Standalone,102.4,640.49,36.91,113.6,33,21403.97,3.02,161715.54
417,North Indian,Airport,471.9,835.75,39.72,81.0,23,80678.17,3.29,330668.43
418,Continental,Food Court,293.5,698.67,70.08,24.3,35,57480.52,2.96,255112.36
419,South Indian,Mall,344.0,151.71,34.99,96.9,6,87063.23,2.79,185163.38
420,Continental,High Street,394.3,806.16,82.78,50.5,22,45588.94,3.69,283710.44
421,Italian,Mall,61.1,1447.8,46.93,68.1,21,49058.39,4.4,294848.87
422,Continental,Airport,483.0,1375.63,1.01,48.7,18,88485.89,3.59,411321.01
423,Continental,Airport,72.3,276.98,81.84,102.3,17,90472.76,3.25,145973.58
424,Continental,Mall,352.6,364.16,15.59,81.0,8,49247.06,4.19,200374.04
425,Italian,High Street,334.9,1147.58,92.57,108.7,6,95025.12,3.63,355692.21
426,Fast Food,Airport,267.6,1079.67,95.02,37.9,27,22808.78,2.93,278088.69
427,Italian,Mall,267.6,1055.1,59.02,128.1,4,20228.08,1.54,286940.29
428,North Indian,Mall,204.3,830.97,92.99,85.7,27,53942.47,4.22,267884.36
429,South Indian,Mall,300.0,1461.55,17.99,52.8,10,84974.07,4.35,346387.87
430,South Indian,High Street,437.0,971.78,54.65,80.8,21,81736.24,4.25,339958.67
431,Fast Food,Airport,453.1,1074.76,23.68,118.1,34,95064.56,1.56,354507.5
432,South Indian,Mall,177.3,1499.8,1.19,18.8,40,98994.56,2.02,333706.86
433,Italian,Airport,137.4,469.05,39.8,108.1,36,48201.49,1.75,166358.12
434,Italian,Airport,184.3,441.34,6.12,99.4,16,65623.34,3.51,168293.95
435,Continental,Mall,111.4,965.05,64.27,12.7,31,33537.43,2.22,214797.98
436,North Indian,Food Court,288.5,1385.36,91.16,146.6,16,63075.35,3.16,352791.66
437,North Indian,Airport,357.5,693.66,5.97,18.0,23,27902.02,3.96,243491.2
438,Italian,Standalone,295.7,164.58,16.52,69.4,5,27805.36,2.68,144617.88
439,Continental,Standalone,310.2,876.49,74.43,130.0,34,47361.93,1.5,278441.38
440,Fast Food,Mall,195.9,1001.9,42.28,68.0,21,26745.54,3.47,251271.14
441,South Indian,Mall,497.3,1083.26,71.56,86.5,35,70062.44,3.83,379392.19
442,North Indian,Mall,260.6,546.02,50.22,132.1,28,95754.26,2.57,240066.38
443,Continental,Standalone,97.4,494.5,16.29,63.1,13,56185.47,2.32,158289.11
444,Italian,Food Court,294.2,591.03,85.12,54.3,38,98954.98,1.36,274158.57
445,North Indian,Mall,437.9,1456.76,26.06,57.1,26,17033.16,4.46,361614.39
446,Continental,Airport,162.3,403.16,76.07,144.8,20,16988.16,2.8,164366.71
447,Continental,Food Court,435.0,1409.99,7.96,55.3,25,38649.01,3.74,397592.96
448,Chinese,Airport,454.5,905.62,55.69,63.3,29,3031.66,3.7,290000.47
449,Continental,Standalone,497.6,532.79,84.32,131.1,20,23485.87,2.96,290494.77
450,Fast Food,Airport,331.4,575.19,80.9,120.0,31,71701.5,1.06,272243.38
451,Fast Food,Airport,488.8,390.14,62.51,133.1,9,77789.01,2.53,263007.09
452,Italian,Airport,148.9,786.67,49.46,31.0,31,94513.76,1.01,223900.28
453,North Indian,Standalone,270.2,393.89,28.33,16.6,27,47941.15,2.42,190198.29
454,North Indian,Airport,143.2,323.58,57.33,113.2,18,43708.91,1.5,145514.26
455,Italian,Mall,51.2,278.3,37.64,55.5,37,48940.16,2.87,111591.52
456,Continental,Standalone,86.5,378.32,93.1,11.3,34,88544.08,1.32,160002.73
457,South Indian,Food Court,420.0,613.28,13.09,129.0,23,90315.25,2.85,293543.8
458,South Indian,High Street,111.8,1368.42,21.79,47.1,27,37744.73,3.05,264990.91
459,Chinese,Airport,416.8,631.24,3.11,146.3,4,40186.95,4.7,274125.55
460,Chinese,High Street,255.8,905.72,78.63,102.7,9,32314.12,2.47,271860.0
461,Italian,Food Court,160.9,272.68,91.45,65.6,15,45944.15,2.12,143908.16
462,South Indian,Airport,475.4,980.37,91.27,24.1,10,81361.15,3.01,358868.16
463,South Indian,Mall,267.6,982.22,77.66,29.7,25,29843.49,1.4,251510.52
464,Fast Food,Mall,415.4,1497.62,78.79,14.1,35,13690.14,4.76,399935.98
465,Fast Food,Mall,124.4,1080.15,74.46,31.4,23,13845.39,4.68,246151.32
466,North Indian,Food Court,267.6,1377.46,78.32,48.1,4,1435.13,3.09,314535.35
467,Continental,Mall,296.4,1347.37,96.54,79.3,8,84060.06,1.17,379275.55
468,Continental,Food Court,402.9,825.39,73.41,103.6,38,78473.24,2.24,317826.35
469,North Indian,Mall,96.6,501.08,91.18,11.1,13,91553.74,3.07,182132.04
470,Italian,Mall,312.4,403.82,2.05,141.0,24,6548.14,2.55,173975.5
471,Continental,High Street,242.7,1492.7,65.98,114.4,34,4451.89,3.96,339754.77
472,South Indian,Mall,345.4,258.02,36.81,81.0,20,94160.1,3.06,214124.84
473,Italian,Airport,426.9,535.89,71.92,74.2,21,14200.18,4.59,253538.45
474,North Indian,High Street,406.2,694.54,74.18,21.8,20,1148.18,3.02,250170.59
475,North Indian,High Street,135.1,1345.51,17.04,93.0,26,58186.04,4.05,297164.62
476,South Indian,Airport,94.7,988.11,1.34,115.2,31,50960.19,1.58,234063.43
477,North Indian,Mall,75.8,799.6,19.28,65.5,23,97392.39,2.54,209689.3
478,South Indian,Food Court,489.6,1328.97,3.03,114.7,37,70231.45,3.8,383192.25
479,Italian,Airport,454.2,971.88,44.25,81.0,38,73976.78,3.35,382610.55
480,Fast Food,High Street,64.2,1389.31,3.26,96.6,11,75154.63,3.64,301538.46
481,Chinese,Standalone,50.4,835.75,43.92,66.2,28,96179.07,2.95,204940.3
482,Fast Food,High Street,93.0,340.5,16.41,30.1,24,24436.55,1.49,109689.95
483,Italian,Food Court,405.1,835.75,59.79,47.9,40,63018.64,2.57,304189.0
484,Fast Food,Airport,76.6,1179.84,31.21,66.3,11,97815.31,2.96,273437.36
485,Fast Food,Mall,273.8,986.12,46.18,88.6,38,14135.74,2.96,273961.32
486,Fast Food,Food Court,439.4,1276.05,88.89,120.5,29,16197.53,2.95,370090.72
487,North Indian,Airport,114.6,841.99,43.44,121.3,29,92154.09,1.4,231867.03
488,Fast Food,Mall,238.2,1309.3,58.34,82.3,21,49247.06,4.23,318065.92
489,North Indian,Food Court,250.1,559.72,21.52,81.0,12,51009.83,4.8,200090.31
490,Continental,High Street,490.9,454.78,31.21,59.4,7,13707.44,4.62,235749.79
491,Fast Food,Mall,358.1,973.08,47.51,107.2,9,14264.34,3.4,289034.72
492,Chinese,Standalone,208.3,792.68,72.7,85.2,35,57871.79,1.89,238454.26
493,Continental,Standalone,321.3,1416.37,52.11,146.5,37,92071.31,2.18,403105.22
494,South Indian,Airport,265.0,168.25,52.76,41.6,29,54071.0,1.22,164017.02
495,North Indian,Mall,253.0,1277.11,9.42,19.0,3,62317.32,4.23,304520.17
496,Fast Food,Airport,246.5,315.55,0.88,33.2,14,24482.48,2.47,146750.55
497,South Indian,High Street,213.6,1200.76,64.37,112.5,23,60153.46,2.69,315970.1
498,South Indian,Standalone,68.9,690.04,84.09,23.3,30,29130.74,2.37,172663.26
499,North Indian,High Street,296.4,855.66,87.19,98.1,22,52912.35,4.79,287128.41
500,South Indian,Mall,289.1,1276.48,59.97,58.8,35,96129.8,2.07,370215.8
501,North Indian,Food Court,478.5,1436.87,80.05,96.0,28,99448.35,2.66,456206.0
502,Fast Food,Food Court,411.8,1234.1,46.98,34.3,8,57691.09,3.25,340741.69
503,South Indian,Food Court,363.5,319.58,1.95,104.6,7,37325.5,3.76,201927.73
504,North Indian,Standalone,477.5,1369.09,59.04,93.1,13,41361.68,4.8,419820.37
505,South Indian,Airport,340.0,465.91,43.6,142.4,21,30501.86,1.08,210253.23
506,North Indian,Food Court,407.4,785.96,28.68,74.2,16,20602.2,3.26,274436.87
507,Fast Food,Airport,280.9,1359.98,57.18,14.4,15,84564.31,1.83,362394.87
508,South Indian,Food Court,173.1,679.12,25.28,121.1,34,46818.1,2.67,206188.64
509,Continental,Food Court,379.8,248.74,26.83,42.1,21,81067.21,3.93,225745.67
510,South Indian,High Street,270.7,835.75,99.86,73.1,3,68822.8,4.14,306474.73
511,Italian,High Street,498.2,408.98,5.61,64.3,39,36333.28,4.32,246446.76
512,Chinese,Food Court,91.3,1115.84,45.99,133.6,36,41675.31,3.43,240562.68
513,Continental,Standalone,77.6,1339.36,43.17,100.4,17,26671.65,1.81,267967.26
514,North Indian,Food Court,268.0,705.3,79.08,78.6,23,67311.33,4.21,266495.78
515,North Indian,Standalone,221.9,1439.58,62.0,20.0,15,76510.14,4.0,344436.93
516,Continental,High Street,87.8,853.18,49.92,18.7,29,51019.23,1.7,211306.85
517,Fast Food,High Street,491.1,1360.24,26.06,10.5,9,2801.89,4.25,351202.4
518,Fast Food,High Street,144.9,298.69,88.17,89.7,23,79171.79,2.13,169739.92
519,North Indian,Mall,290.6,751.61,26.71,100.8,21,98931.62,1.22,264286.49
520,Italian,Mall,423.1,1199.4,0.68,17.2,25,49329.22,2.43,364020.63
521,Fast Food,Airport,64.3,913.56,75.28,49.5,17,88261.83,4.49,253192.83
522,South Indian,Food Court,86.9,1308.8,4.15,38.0,21,88411.2,3.65,275591.53
523,Fast Food,Food Court,367.5,522.5,39.27,48.7,35,77426.67,1.02,244042.4
524,Continental,Standalone,83.5,319.46,61.34,142.5,27,74327.83,4.55,158641.39
525,South Indian,Standalone,84.0,288.37,11.7,96.1,32,97923.31,4.09,142912.06
526,South Indian,Food Court,213.2,967.35,80.28,81.0,19,41384.87,2.63,263449.04
527,Italian,Food Court,63.7,963.6,18.43,103.4,38,62697.19,3.04,224822.97
528,Chinese,High Street,73.6,1499.28,21.51,108.7,4,6844.63,1.8,251771.44
529,Fast Food,Standalone,252.6,387.71,48.33,77.7,11,81862.74,2.96,200887.3
530,Continental,Standalone,108.8,1055.62,75.59,132.1,21,20469.28,4.85,236520.12
531,South Indian,Standalone,56.6,1409.24,15.94,13.4,34,20678.16,1.46,248844.22
532,Continental,High Street,365.4,1043.15,57.49,91.0,21,66447.7,4.75,358818.23
533,Fast Food,Airport,289.8,633.5,78.61,104.4,39,51166.32,4.58,236770.56
534,Continental,Mall,70.5,423.88,47.9,35.0,24,39349.27,3.48,134807.43
535,North Indian,High Street,403.8,292.83,74.67,11.7,6,64780.88,3.53,219307.08
536,Continental,Mall,332.8,918.85,18.76,110.3,5,12322.1,3.94,264078.14
537,Fast Food,High Street,201.2,770.98,22.11,97.1,40,30015.99,4.56,232596.7
538,Continental,Mall,129.2,704.59,32.67,98.6,16,68214.02,4.37,210157.64
539,South Indian,Airport,439.9,708.86,52.18,27.4,12,99448.35,2.93,316961.13
540,Continental,Airport,308.3,1088.52,12.83,61.2,13,16439.93,3.95,292777.63
541,Chinese,Food Court,94.3,821.88,93.45,68.0,16,99317.11,4.46,235743.77
542,Fast Food,Standalone,287.2,1282.5,5.56,65.2,26,61091.86,4.66,323957.06
543,Italian,High Street,176.6,918.79,57.53,46.0,7,60331.39,1.97,233652.62
544,North Indian,Airport,436.4,1359.12,47.68,89.8,11,19651.03,4.64,361709.71
545,South Indian,Standalone,399.6,273.19,42.27,122.6,35,64087.24,3.11,257143.66
546,South Indian,High Street,195.3,544.61,56.78,120.7,35,90970.97,1.45,231058.37
547,South Indian,High Street,499.6,1221.76,39.82,51.9,21,40812.51,3.84,363081.93
548,Chinese,Airport,178.7,1144.69,73.45,146.2,35,29893.61,1.58,265313.12
549,South Indian,Standalone,355.9,1135.49,96.85,134.9,4,57299.33,4.69,355777.99
550,Fast Food,Mall,439.8,963.3,29.56,136.3,5,83191.33,2.96,353316.83
551,Continental,Food Court,267.6,426.37,17.17,41.6,12,22932.12,3.29,176709.37
552,Fast Food,Airport,498.9,1135.68,49.92,93.2,39,49247.06,3.38,375896.28
553,Italian,Mall,473.7,1134.43,23.33,58.1,28,66451.34,3.98,369026.44
554,Chinese,Food Court,267.6,773.6,74.36,45.1,36,99448.35,4.43,287114.73
555,Italian,High Street,104.9,537.43,80.25,130.8,7,85252.3,4.38,195144.14
556,Fast Food,Food Court,84.4,263.9,45.96,99.6,38,1281.83,4.7,94845.13
557,North Indian,Airport,87.7,162.15,49.92,14.5,10,43727.68,4.43,94574.72
558,North Indian,Food Court,189.4,910.4,93.11,108.8,29,69345.08,2.29,262371.84
559,Chinese,Mall,342.6,1008.9,54.69,45.5,8,49247.06,1.29,301167.85
560,Chinese,Mall,489.7,1156.74,29.14,18.4,39,62649.31,4.4,425811.38
561,Italian,High Street,467.6,936.24,3.25,145.3,8,43097.55,3.26,331245.14
562,Italian,Food Court,78.4,610.48,40.8,104.3,27,25610.71,1.46,154480.02
563,Italian,Food Court,101.8,500.47,90.22,16.8,30,15273.24,2.1,149035.59
564,Fast Food,Standalone,493.6,1440.11,7.89,96.3,30,48143.12,1.84,416558.82
565,Continental,Mall,262.6,1285.81,96.44,46.4,6,59500.84,3.01,338025.21
566,Fast Food,High Street,110.0,730.57,34.62,112.2,30,57593.82,2.11,206351.1
567,Italian,Standalone,475.5,835.75,51.08,120.7,40,10039.59,2.72,334944.5
568,Continental,Mall,394.1,604.22,99.21,114.5,29,24761.74,4.98,257925.24
569,South Indian,Food Court,313.2,636.22,67.59,106.2,32,15804.23,2.35,239465.2
570,North Indian,Airport,354.5,579.91,90.21,82.7,4,10183.73,1.16,220250.72
571,North Indian,High Street,128.6,765.81,93.61,66.5,28,64327.4,1.5,225931.99
572,Chinese,High Street,456.4,1363.13,68.9,102.6,22,66619.51,3.09,393198.38
573,Continental,High Street,198.2,539.2,45.59,97.9,17,35042.26,2.62,183310.45
574,Continental,Airport,414.1,296.03,6.98,81.0,26,37779.93,3.09,207074.15
575,North Indian,High Street,51.7,981.94,30.46,86.5,28,64457.89,1.7,230322.9
576,Continental,Mall,105.6,808.85,2.41,44.6,32,39560.05,3.34,201067.08
577,Italian,Standalone,426.4,1052.48,87.78,74.7,17,56739.93,3.71,336460.24
578,Chinese,Mall,456.9,246.84,53.34,20.9,39,8022.86,2.96,207086.06
579,Italian,Mall,404.5,1328.32,54.67,109.0,25,88021.56,3.33,388062.55
580,Italian,High Street,424.7,461.49,81.11,125.0,14,97364.84,3.51,271964.76
581,North Indian,Airport,262.1,1200.23,56.27,22.8,13,5295.58,1.65,279003.49
582,South Indian,High Street,293.9,225.26,41.16,150.0,17,60071.36,1.12,178936.24
583,North Indian,Standalone,242.7,291.16,4.13,112.0,26,10996.48,3.29,161313.2
584,Chinese,Airport,229.7,835.75,49.92,34.8,39,88832.19,2.94,272023.07
585,Italian,Airport,322.6,295.6,30.34,33.9,30,51734.32,1.32,175617.65
586,Continental,High Street,238.0,1043.29,96.84,16.3,4,31532.54,3.56,267416.11
587,South Indian,Airport,91.6,1181.75,6.39,108.6,29,53461.27,2.98,265088.52
588,Italian,Food Court,235.1,801.89,87.38,123.6,8,52200.15,2.23,270437.05
589,Chinese,High Street,154.2,835.75,42.01,119.5,13,40680.23,3.87,211772.93
590,Chinese,Food Court,284.1,869.13,89.7,112.7,10,96485.99,2.58,282035.53
591,Fast Food,Mall,113.5,1062.81,10.13,109.8,23,40693.59,1.78,250614.94
592,Continental,Mall,250.4,733.09,56.08,61.1,32,29036.09,4.66,238155.33
593,North Indian,Standalone,424.8,1167.37,83.7,31.5,38,47953.64,2.34,350060.4
594,South Indian,Airport,419.4,821.07,7.19,89.8,21,33129.83,3.04,292963.14
595,Italian,Airport,410.9,437.41,37.01,17.3,6,49247.06,4.38,203471.28
596,South Indian,Food Court,106.0,588.15,96.92,37.5,7,61489.87,4.04,183755.92
597,Italian,Standalone,86.8,387.06,48.15,141.3,30,8347.61,1.1,123462.8
598,Fast Food,High Street,121.8,990.21,82.54,68.4,38,44750.03,3.56,255062.97
599,Fast Food,Mall,214.7,587.74,14.53,111.7,17,2549.14,4.75,175437.31
600,Fast Food,Airport,433.9,614.5,43.36,99.2,20,59243.95,2.83,281961.58
601,South Indian,Standalone,196.7,1448.55,14.08,69.5,5,80947.86,1.01,319615.01
602,Continental,High Street,249.1,243.56,58.67,13.1,7,41589.02,3.07,154382.36
603,South Indian,Mall,397.2,480.13,92.68,19.8,18,58545.17,1.22,240463.38
604,South Indian,Airport,427.9,1058.31,4.18,60.7,38,25721.37,3.19,318577.91
605,Chinese,Airport,444.3,1182.27,84.2,34.6,39,85365.45,1.7,374279.64
606,South Indian,Food Court,154.6,499.94,84.06,131.5,6,14888.72,4.71,174030.53
607,Fast Food,High Street,107.4,866.07,62.39,40.4,5,35343.66,2.27,208031.37
608,Continental,Mall,181.3,341.89,16.63,81.0,10,88066.09,3.33,168802.84
609,Fast Food,Mall,65.6,921.71,95.31,148.6,27,27680.68,1.05,214877.56
610,Continental,Standalone,138.5,1428.24,32.63,40.8,38,36310.33,2.96,280931.33
611,Chinese,Mall,492.8,1072.85,13.3,59.9,22,12957.87,1.62,329567.56
612,North Indian,Airport,442.7,835.75,68.69,82.5,11,70716.03,2.61,322741.64
613,Italian,Airport,159.6,1165.65,95.66,121.4,15,85237.41,3.92,342584.43
614,Italian,Standalone,493.9,750.89,66.0,50.0,17,5826.43,3.28,282429.39
615,Chinese,Airport,377.4,907.55,40.52,90.3,7,73110.8,2.78,331923.47
616,Italian,Mall,263.5,1100.64,5.67,29.4,21,66848.54,1.6,304095.77
617,South Indian,Food Court,329.0,895.63,82.53,146.5,21,70358.51,1.65,310627.81
618,North Indian,High Street,408.2,914.8,65.38,19.1,21,41843.4,1.65,323145.41
619,North Indian,Food Court,211.3,575.81,38.54,30.8,8,44681.55,2.48,193108.68
620,South Indian,Airport,312.1,193.64,48.87,139.5,21,81061.99,2.38,200387.19
621,North Indian,Standalone,454.4,1297.48,53.82,95.4,17,16356.57,1.02,365059.78
622,Fast Food,Food Court,478.4,1278.31,44.55,32.3,35,15170.36,2.86,384916.31
623,North Indian,Airport,470.7,645.44,80.04,67.5,8,37457.96,3.2,299722.68
624,Italian,Standalone,145.7,637.98,37.88,36.8,21,28278.18,1.56,168871.63
625,North Indian,Food Court,165.0,302.62,10.94,36.4,9,6935.17,4.78,109515.42
626,Italian,High Street,334.0,1066.86,10.98,106.9,37,63999.89,2.1,316147.97
627,North Indian,Airport,196.6,320.31,82.26,33.5,23,58672.91,2.29,161266.67
628,Italian,Food Court,153.7,223.82,29.16,127.2,34,9509.67,1.49,114142.98
629,Fast Food,Airport,452.8,1189.81,98.92,137.3,17,68485.3,2.55,406304.18
630,Chinese,Airport,406.1,1192.32,9.14,31.7,36,31865.48,1.44,328143.63
631,North Indian,Mall,102.6,953.02,94.24,102.6,30,70734.5,2.44,250113.22
632,South Indian,Food Court,267.6,835.75,15.38,36.7,10,2515.41,1.65,220056.16
633,Continental,Airport,159.7,1057.58,68.88,102.9,36,86140.72,2.19,296862.38
634,Chinese,Standalone,394.6,1438.76,88.31,32.7,18,19760.66,3.42,341978.88
635,Fast Food,Standalone,242.1,1054.07,23.56,81.0,28,40459.87,2.02,269463.0
636,Chinese,Standalone,480.1,1279.35,76.52,27.7,8,80898.54,3.4,406574.21
637,Chinese,Airport,454.9,1234.41,55.78,144.4,14,98708.85,1.65,423061.33
638,North Indian,Mall,380.6,622.23,82.33,142.4,12,21432.78,4.14,255756.12
639,Continental,Standalone,249.7,270.85,37.01,27.2,7,61433.25,2.28,151883.51
640,Fast Food,Mall,398.5,1305.05,46.58,26.1,5,38210.85,4.98,365868.19
641,Fast Food,Standalone,253.6,377.15,85.13,64.3,35,20934.81,3.42,178647.2
642,Fast Food,Food Court,229.4,257.53,82.05,19.6,22,63813.95,2.96,161813.41
643,Continental,Food Court,114.5,657.91,4.51,90.1,17,16494.67,2.75,157506.31
644,Italian,Food Court,147.7,180.44,38.94,75.2,25,92966.53,4.51,147436.15
645,Fast Food,Airport,140.3,835.75,86.61,88.4,21,84860.88,4.86,246097.34
646,Italian,Mall,175.9,238.83,64.23,106.5,4,61745.2,1.34,131179.69
647,Continental,Food Court,228.6,852.16,56.66,108.9,21,78777.15,1.84,276971.5
648,Italian,High Street,362.8,1474.95,72.16,128.5,5,19703.51,1.62,392358.87
649,Chinese,Standalone,267.6,1099.18,64.48,132.7,18,49247.06,1.06,311591.76
650,Continental,Airport,269.1,1239.73,95.58,112.3,17,56913.05,4.55,323434.21
651,South Indian,Mall,148.6,1495.0,97.77,145.8,12,64242.4,1.73,339361.01
652,Fast Food,Mall,120.2,747.15,13.67,109.0,5,37354.86,3.65,188943.72
653,Fast Food,Airport,114.0,852.26,3.16,81.0,11,12340.72,1.59,187441.64
654,Continental,Mall,436.2,476.65,98.17,122.0,37,89650.82,2.96,303016.74
655,Chinese,High Street,406.9,1207.84,15.53,126.3,22,74932.83,1.19,353994.79
656,Chinese,Airport,442.9,989.61,11.11,16.2,7,52337.21,2.8,319522.67
657,North Indian,Standalone,190.2,295.01,73.39,10.7,5,87243.24,2.83,170325.15
658,Continental,Standalone,56.6,671.23,22.84,84.5,32,45431.62,4.34,179304.44
659,Chinese,Mall,374.3,188.93,2.38,80.2,34,97991.83,4.19,221502.25
660,Fast Food,High Street,337.3,254.14,31.8,113.1,18,3627.32,2.72,174248.78
661,Chinese,High Street,56.8,1277.98,53.53,44.4,12,27163.68,4.67,250582.18
662,North Indian,Standalone,139.1,1141.93,49.92,56.2,27,78306.75,1.02,295965.98
663,Chinese,Standalone,424.2,357.47,60.25,115.3,27,71761.74,1.64,254692.12
664,Continental,Mall,487.8,1092.26,92.32,30.0,39,49247.06,2.85,360595.48
665,North Indian,High Street,438.4,946.73,40.21,53.0,6,57181.0,3.98,339529.8
666,Chinese,Standalone,328.9,320.36,27.46,47.0,33,87941.32,2.96,220018.17
667,Italian,Airport,435.6,1237.91,33.64,116.8,37,49247.06,3.68,370190.91
668,Italian,Airport,70.4,1046.97,49.04,116.8,36,56681.91,4.16,241407.65
669,Italian,Airport,468.9,1303.25,14.68,130.7,26,75155.31,2.96,406184.33
670,Fast Food,Food Court,363.3,1406.97,1.21,48.2,7,69507.2,2.36,372378.8
671,Italian,Mall,382.0,693.23,1.57,103.7,16,88972.47,1.12,281843.5
672,Italian,Airport,97.9,389.7,35.69,56.6,33,49247.06,2.25,140055.81
673,Continental,Standalone,335.0,790.87,35.09,134.8,30,21484.6,2.39,276762.13
674,Continental,Airport,229.1,653.02,56.31,45.4,5,98100.23,1.77,246578.56
675,South Indian,Food Court,95.9,678.76,9.35,18.3,9,57591.08,4.34,175276.99
676,Continental,Airport,316.4,1205.61,49.31,22.3,10,47123.7,1.71,332165.63
677,Chinese,Standalone,353.2,1121.43,82.84,33.5,27,15013.38,2.5,302917.99
678,North Indian,High Street,451.0,417.3,18.54,63.4,3,94102.71,2.28,264236.03
679,South Indian,Mall,176.0,960.82,87.51,100.7,6,15616.5,3.08,261406.5
680,North Indian,Standalone,267.6,534.33,31.36,55.2,24,70294.93,1.95,215027.67
681,North Indian,Airport,422.3,1396.28,49.92,81.0,39,55286.94,4.54,384950.16
682,Italian,Standalone,452.1,1211.89,50.14,37.1,25,80301.94,2.65,374075.13
683,South Indian,Airport,332.9,252.59,94.96,79.5,22,46938.21,1.57,189643.16
684,Italian,Standalone,443.2,317.99,17.83,44.1,15,77331.95,2.43,227880.7
685,North Indian,Airport,248.0,674.65,36.13,136.1,8,69307.51,4.43,237591.7
686,Continental,High Street,299.5,729.04,64.09,116.7,31,60538.56,3.69,253534.75
687,North Indian,Standalone,72.3,174.35,57.14,43.7,29,12670.18,3.5,84280.09
688,Continental,Airport,211.4,632.58,53.93,108.6,16,73067.74,1.49,230644.78
689,Fast Food,Airport,489.9,795.3,96.24,125.2,38,93376.21,4.64,348523.8
690,North Indian,High Street,92.9,563.1,14.74,59.7,34,2970.83,2.8,143853.02
691,Continental,Mall,471.6,1232.08,12.9,88.5,39,61926.02,3.6,392819.55
692,North Indian,Food Court,356.2,228.67,71.3,111.4,8,35274.5,2.09,197933.15
693,Chinese,Mall,174.1,277.44,66.66,80.4,19,60116.25,3.68,153229.01
694,South Indian,Airport,310.8,1225.75,66.93,122.3,30,8981.94,4.18,332690.05
695,Italian,Food Court,112.9,1449.11,41.73,127.0,29,32247.11,1.61,288335.92
696,Fast Food,Standalone,424.9,299.74,26.37,52.9,38,65888.73,1.34,236691.97
697,Continental,Food Court,106.5,599.67,75.51,66.6,26,6503.93,2.54,159468.75
698,South Indian,High Street,103.2,915.49,86.8,14.4,20,13191.47,4.59,212646.02
699,Continental,High Street,344.1,740.18,68.09,99.7,14,24328.11,2.24,247954.0
700,Italian,Airport,291.4,716.34,30.02,131.1,38,65905.99,2.26,251703.07
701,South Indian,Food Court,493.6,1182.59,46.18,40.6,16,68069.86,3.43,392974.07
702,Italian,Standalone,136.0,672.78,59.24,92.5,30,6395.79,4.02,176209.18
703,South Indian,Airport,202.5,1238.77,37.96,40.5,19,15870.27,2.55,280688.52
704,North Indian,High Street,179.5,621.94,60.85,104.2,24,94264.61,2.27,217240.79
705,South Indian,High Street,212.7,178.43,21.87,46.9,35,62947.85,1.02,145665.72
706,South Indian,Food Court,470.5,1453.3,27.2,113.3,34,74052.1,4.9,404772.04
707,Continental,High Street,465.9,891.59,68.96,81.0,14,36126.17,2.96,329383.14
708,Italian,Mall,140.7,1400.48,91.59,90.7,7,22106.38,4.11,309384.0
709,North Indian,Food Court,335.0,1066.36,86.94,65.1,27,88147.2,2.32,331506.54
710,Fast Food,High Street,147.3,1449.99,49.92,107.6,37,36708.27,2.56,323159.68
711,North Indian,Mall,177.5,1249.66,70.93,77.1,22,98053.39,4.51,329981.42
712,South Indian,High Street,92.0,1035.6,93.04,36.3,19,4193.8,2.09,211322.05
713,Italian,Airport,470.9,691.69,39.62,139.5,34,53022.2,1.86,293474.1
714,North Indian,Mall,255.9,808.94,57.83,90.1,36,72790.24,1.87,247723.53
715,Fast Food,Standalone,417.6,702.45,18.39,40.0,14,48576.11,4.67,279014.93
716,Chinese,Standalone,333.6,1270.76,67.15,137.6,26,8182.33,2.96,308969.54
717,Continental,Airport,494.0,1487.46,0.36,93.0,23,57912.79,2.93,423129.56
718,Chinese,Food Court,434.7,593.62,77.8,14.7,33,56089.36,1.99,273163.11
719,Continental,Airport,321.3,1229.68,64.16,104.3,23,83738.78,2.1,363775.98
720,South Indian,Airport,51.0,915.47,13.34,114.0,3,97055.53,2.15,217297.85
721,South Indian,Mall,411.3,311.89,50.17,74.5,31,14682.0,2.0,203426.85
722,North Indian,Food Court,237.0,1081.53,54.55,21.9,13,1148.18,4.73,266104.86
723,Continental,Food Court,106.5,527.12,16.16,78.4,30,57235.45,2.31,164536.98
724,South Indian,Standalone,420.7,438.32,86.48,70.6,11,93168.1,3.66,276836.25
725,Chinese,Mall,445.4,493.79,62.99,116.3,11,28105.44,1.33,256273.49
726,North Indian,Airport,457.7,1481.0,32.12,105.0,30,44813.09,1.82,380447.95
727,Continental,Standalone,222.3,755.92,84.6,81.0,5,15349.7,2.96,225401.66
728,North Indian,Food Court,328.4,1157.44,84.28,87.5,21,69617.35,1.69,350773.17
729,Fast Food,Food Court,97.9,1067.63,29.53,117.1,4,3562.29,2.44,207359.79
730,Chinese,High Street,179.6,980.86,71.64,90.9,24,33018.1,2.61,250108.21
731,Italian,Airport,312.2,786.34,46.24,139.3,14,30601.52,1.12,255495.04
732,North Indian,Mall,254.4,300.71,76.42,81.0,7,58444.89,1.11,176894.69
733,Italian,Mall,309.4,671.6,65.54,106.4,22,55799.23,3.83,262102.95
734,Chinese,Airport,231.1,1246.08,48.99,141.9,30,23728.17,4.45,326360.51
735,Fast Food,Airport,59.7,325.36,34.34,84.1,6,69839.42,1.22,125711.93
736,Italian,Mall,378.0,561.53,47.15,66.1,15,55546.5,1.34,232408.42
737,South Indian,Mall,158.0,168.24,21.88,142.3,14,11291.03,3.92,110775.7
738,South Indian,High Street,177.6,1232.19,23.69,38.8,11,36803.88,1.88,288363.8
739,North Indian,High Street,129.7,861.65,29.49,42.5,24,37441.92,2.83,211817.07
740,North Indian,Standalone,74.2,160.81,61.6,73.7,8,33237.89,2.07,92468.42
741,Chinese,Food Court,448.0,835.75,42.81,51.6,29,15167.31,2.72,316961.77
742,North Indian,Mall,489.2,1303.81,9.01,34.4,7,62287.61,4.94,404744.0
743,Fast Food,Mall,224.5,259.43,43.89,12.2,22,50096.18,2.18,152864.75
744,Fast Food,Airport,423.4,927.82,1.21,16.9,37,49092.51,1.94,318602.22
745,Fast Food,High Street,267.6,1457.9,25.54,126.1,15,71670.99,2.05,362177.38
746,Italian,Mall,197.9,572.12,44.18,69.3,21,29547.03,4.76,190716.04
747,Italian,Airport,298.4,1087.0,76.84,143.6,4,24861.41,2.71,297161.34
748,South Indian,High Street,489.6,899.96,25.04,134.3,22,35107.62,4.55,353709.83
749,Fast Food,Standalone,134.1,1148.49,89.11,45.3,13,88508.41,2.47,275982.82
750,North Indian,Mall,477.6,1028.67,25.64,102.4,18,36207.66,4.26,366472.22
751,Fast Food,Standalone,360.0,835.75,28.81,117.1,31,73264.22,4.36,308849.62
752,Chinese,Airport,306.0,551.86,81.46,26.5,23,32082.43,4.12,208287.75
753,South Indian,Standalone,416.1,379.49,56.69,119.3,16,97824.84,2.29,266620.95
754,Continental,Standalone,187.9,1001.04,49.92,81.0,14,61608.81,2.85,244221.36
755,Fast Food,Mall,70.4,1142.88,80.8,45.3,9,55317.67,3.03,254321.54
756,Italian,Standalone,384.0,288.06,31.11,39.1,28,99371.48,1.01,236476.34
757,North Indian,Mall,258.9,542.48,31.85,60.2,15,93670.6,3.38,223031.16
758,Continental,Mall,80.6,781.99,35.5,128.2,35,52423.67,2.4,202171.08
759,Continental,Airport,267.3,1190.43,3.21,133.2,8,93956.47,3.78,360060.09
760,Fast Food,Mall,392.1,1085.95,88.05,53.7,24,65016.92,2.01,338020.69
761,Chinese,High Street,291.9,1039.7,10.66,100.5,39,74938.32,3.43,298950.02
762,Italian,Mall,448.8,771.09,1.42,58.5,27,61911.64,1.96,314065.52
763,Fast Food,Mall,269.3,1099.04,31.13,101.3,23,75703.31,4.66,336537.26
764,South Indian,Mall,360.6,210.29,39.54,81.0,12,33685.94,1.79,179184.18
765,Italian,High Street,96.4,1298.86,79.57,46.5,11,49247.06,1.42,283042.95
766,Continental,Mall,164.4,911.78,62.65,42.0,29,85754.66,4.16,275773.42
767,Italian,Airport,207.4,328.83,37.36,123.1,18,31885.38,4.13,154652.72
768,Chinese,Food Court,111.1,926.35,45.14,146.4,35,18329.34,1.88,212604.74
769,North Indian,Standalone,50.9,905.8,71.09,138.9,26,74145.18,4.16,241622.22
770,Italian,High Street,69.8,1197.43,92.03,101.5,25,43397.94,3.38,284457.28
771,Fast Food,Mall,231.0,1424.39,31.25,78.6,17,25066.2,4.78,329275.66
772,Continental,High Street,297.7,1174.64,39.94,30.5,32,88210.78,4.81,324302.64
773,South Indian,Standalone,283.6,1001.36,49.92,133.9,19,99448.35,2.81,339368.55
774,North Indian,Mall,249.3,1056.15,3.37,140.4,21,86178.48,3.1,296371.63
775,Continental,Airport,267.6,558.98,34.15,41.6,5,49247.06,2.56,202936.8
776,North Indian,Airport,315.1,802.59,28.64,43.7,7,49247.06,3.29,260884.21
777,Fast Food,Food Court,298.0,456.73,87.52,88.0,39,51424.2,4.42,240798.47
778,North Indian,Food Court,246.7,751.68,26.31,63.1,5,37504.13,2.03,230837.11
779,Fast Food,High Street,258.2,1346.93,20.69,129.3,26,11764.62,2.49,319712.5
780,Chinese,Airport,376.3,1196.7,49.92,28.1,11,67416.8,2.13,352769.99
781,Italian,Mall,220.1,231.01,52.33,142.7,15,72438.41,4.82,175360.9
782,Continental,Food Court,228.1,1274.56,17.76,55.7,28,32564.85,1.53,301806.95
783,Italian,Airport,107.3,1064.87,93.88,27.2,21,71547.71,3.21,237741.44
784,Continental,Airport,103.6,1448.16,48.99,51.6,13,26231.72,1.28,279098.2
785,Fast Food,Mall,278.6,932.78,1.69,21.7,40,80240.28,4.71,287862.66
786,South Indian,Food Court,133.2,218.12,90.6,40.2,39,43596.93,2.81,124668.71
787,Continental,Airport,259.8,1304.36,40.66,140.9,29,94847.28,3.36,362959.74
788,Chinese,Standalone,154.2,1081.01,86.22,46.5,37,21995.15,2.09,252752.94
789,South Indian,Standalone,197.9,946.67,49.92,17.5,5,66775.0,1.77,268591.58
790,Continental,Airport,93.9,938.3,38.71,56.8,19,16783.15,3.05,217098.61
791,Chinese,Standalone,61.1,212.45,29.67,136.4,21,16369.03,2.96,87753.22
792,Continental,Mall,127.9,1237.66,86.5,55.6,16,11910.77,2.32,259828.76
793,Continental,Standalone,312.2,1266.1,77.0,128.9,5,95210.15,3.43,366489.61
794,South Indian,Standalone,168.2,1031.94,8.03,62.7,17,65137.16,2.11,249317.84
795,South Indian,Standalone,492.3,299.05,56.11,147.6,12,99448.35,2.26,277406.64
796,Italian,High Street,142.9,215.33,46.63,38.9,20,80548.17,1.64,132013.21
797,Chinese,High Street,183.8,572.16,27.79,32.4,30,41271.67,2.67,173160.52
798,Chinese,Standalone,474.6,1143.94,80.31,96.2,12,5021.6,4.48,363231.73
799,Fast Food,High Street,187.6,824.39,18.08,81.0,5,10544.86,1.08,205877.68
800,Continental,Food Court,383.2,887.94,20.45,79.0,19,38374.06,1.63,276140.73
801,South Indian,Airport,126.4,228.59,5.26,111.1,7,90291.29,1.07,138679.06
802,North Indian,Airport,450.6,410.53,36.71,81.0,15,98512.62,2.75,265057.02
803,Continental,Airport,420.2,1320.03,92.62,70.7,38,56639.97,3.51,398645.8
804,North Indian,Airport,473.2,1367.03,73.97,35.8,28,17594.33,2.79,400134.07
805,Italian,High Street,402.6,1119.13,62.76,41.4,40,77043.22,3.17,359737.19
806,Fast Food,High Street,295.1,377.08,91.37,16.0,26,45113.99,1.93,201907.95
807,North Indian,Food Court,67.4,428.37,94.13,88.9,40,30473.62,3.45,140699.38
808,North Indian,Food Court,430.6,1062.59,71.9,127.9,21,49247.06,4.17,350578.56
809,Continental,Standalone,87.7,1082.65,54.48,87.6,11,21471.87,1.28,222606.98
810,North Indian,Standalone,387.7,163.97,67.29,132.2,32,91275.82,3.58,222880.12
811,Italian,Food Court,185.8,555.66,32.23,116.9,23,31069.67,4.43,185723.77
812,Chinese,Food Court,93.5,928.91,8.56,81.0,35,93381.13,4.11,223410.94
813,Continental,Standalone,133.0,175.17,38.09,146.1,40,5115.95,2.04,103365.1
814,South Indian,Food Court,408.4,561.11,41.32,87.2,11,29032.06,3.26,244043.42
815,Continental,Food Court,335.9,1053.5,48.07,117.7,29,84290.46,4.93,335312.69
816,North Indian,High Street,71.6,788.31,15.73,84.5,18,51687.04,2.86,185558.84
817,Italian,Standalone,301.7,431.17,19.57,120.8,25,24620.48,3.62,196470.88
818,North Indian,Mall,364.0,502.89,18.68,100.3,28,52454.41,4.68,245374.88
819,North Indian,Standalone,321.7,1058.7,73.96,126.1,7,31904.4,1.51,311690.72
820,Chinese,Airport,379.6,1047.01,79.75,122.7,31,22940.06,4.9,320344.98
821,Continental,High Street,466.6,1105.51,94.9,78.2,23,94180.34,1.92,367714.0
822,Chinese,Airport,54.3,835.75,58.43,37.8,26,80789.34,4.42,206178.55
823,North Indian,Food Court,103.6,345.89,15.4,38.9,34,75716.08,2.96,139670.83
824,South Indian,Airport,399.9,893.43,52.27,28.1,21,4472.19,4.08,279115.09
825,North Indian,Food Court,186.4,746.58,12.65,140.1,36,79331.82,3.95,233450.95
826,South Indian,Mall,87.2,234.3,16.36,135.0,14,69586.97,1.12,111170.25
827,Chinese,Food Court,442.1,1195.24,79.17,24.1,31,83001.67,2.27,377483.9
828,Continental,High Street,326.5,835.75,2.64,119.2,5,50667.72,3.77,271693.05
829,Continental,High Street,89.4,301.72,37.35,134.5,29,37974.45,2.64,127830.76
830,South Indian,High Street,267.6,1278.51,97.56,56.6,28,23513.83,2.21,313432.04
831,Chinese,Standalone,387.2,180.31,45.75,23.3,27,15460.75,1.33,169379.17
832,South Indian,High Street,267.6,261.28,56.26,82.5,15,78877.17,3.41,182143.98
833,North Indian,Mall,385.9,995.33,43.24,14.5,6,60867.23,3.71,314196.61
834,North Indian,Food Court,364.8,303.17,5.67,17.3,27,31401.88,1.93,178853.82
835,Continental,Standalone,57.5,774.63,41.57,55.8,21,17603.28,1.72,168605.81
836,Continental,High Street,103.8,1070.33,31.08,23.7,21,72934.55,3.75,232392.82
837,Fast Food,Airport,195.2,701.8,81.83,143.2,7,50137.19,3.11,223602.2
838,Continental,High Street,145.6,1120.68,85.4,56.9,24,43620.73,3.82,273030.61
839,Fast Food,Food Court,289.2,1003.37,20.08,88.1,4,87205.34,3.4,303800.5
840,Continental,Standalone,308.6,1403.78,94.96,107.5,28,14569.31,3.46,394759.61
841,South Indian,Food Court,389.5,430.59,99.45,99.8,33,77041.16,3.72,268329.76
842,Italian,Mall,136.3,833.57,74.27,53.5,35,88037.87,3.98,236133.38
843,Chinese,Food Court,95.6,727.13,20.23,43.0,12,90681.22,1.93,197660.8
844,Chinese,High Street,242.9,1120.64,42.29,40.0,30,18268.89,4.3,254295.52
845,South Indian,Food Court,371.7,832.79,29.03,74.1,21,18462.72,3.25,269906.63
846,Continental,Food Court,165.4,1330.72,96.87,140.3,39,34302.38,2.23,303976.87
847,North Indian,Food Court,456.5,477.1,84.33,88.6,13,23760.45,3.89,264614.85
848,Italian,Airport,84.5,942.92,87.67,115.6,23,74492.62,1.56,235357.23
849,Italian,High Street,183.4,835.75,4.31,105.2,35,62483.72,1.51,233678.6
850,South Indian,Airport,101.1,293.48,81.28,144.2,37,65434.93,3.81,150497.32
851,Continental,Mall,267.6,1176.42,86.51,135.2,18,87818.1,4.32,363394.92
852,North Indian,Airport,370.3,199.45,20.81,37.1,12,49301.55,3.85,181567.1
853,Fast Food,Standalone,412.2,344.4,26.62,87.6,30,12828.21,4.7,226049.15
854,South Indian,Airport,476.3,781.25,72.78,101.0,21,19432.1,1.78,315101.11
855,Continental,Mall,311.6,1233.46,49.04,28.4,29,66569.75,4.43,346140.32
856,Continental,Food Court,420.1,1341.81,73.67,14.8,33,31455.71,3.36,378879.14
857,Fast Food,Food Court,262.9,1236.52,43.26,67.7,7,49247.06,1.54,312965.69
858,Continental,Food Court,98.7,829.89,70.82,97.7,21,99448.35,4.91,224359.95
859,Chinese,High Street,129.8,1315.0,7.13,39.2,15,88053.05,2.71,291338.09
860,Italian,Airport,464.5,1487.83,10.4,57.0,20,59923.89,3.64,423464.66
861,South Indian,Standalone,346.0,862.86,24.38,71.3,39,3486.59,2.9,261944.08
862,Italian,Standalone,495.0,562.77,49.65,16.1,15,52270.6,1.52,262154.03
863,Italian,Airport,460.2,345.66,25.64,124.9,28,26814.67,4.29,236012.51
864,Italian,Mall,135.2,1217.31,68.25,46.9,10,43581.28,4.03,291960.84
865,Chinese,Mall,387.8,1158.01,85.51,80.2,29,49247.06,4.79,373521.0
866,South Indian,High Street,133.7,413.32,35.85,107.0,30,24588.76,2.6,144602.1
867,Italian,Food Court,250.8,835.75,91.12,101.7,21,85826.45,2.03,290077.46
868,Italian,Food Court,101.7,448.45,28.22,92.4,23,6002.18,4.71,129219.59
869,Chinese,Standalone,442.6,1264.47,49.71,88.6,22,61638.0,3.92,354392.2
870,North Indian,Standalone,315.1,661.66,39.64,14.0,33,49472.35,3.91,232881.71
871,Chinese,Mall,267.6,162.72,49.92,45.4,21,54636.85,4.84,170914.82
872,Continental,Mall,243.9,197.49,82.4,52.5,16,95723.56,3.09,180793.77
873,South Indian,Standalone,497.6,1303.51,61.46,26.6,16,75660.97,4.0,405314.39
874,Fast Food,Mall,264.0,751.8,32.24,123.7,15,99223.97,2.22,265515.64
875,Italian,Standalone,441.8,674.71,62.49,29.1,6,58064.58,4.24,304906.65
876,Italian,Airport,308.5,577.21,62.03,30.0,34,50554.59,4.53,250159.02
877,South Indian,High Street,225.6,687.84,79.67,135.1,36,99448.35,3.75,292732.86
878,North Indian,Airport,102.6,407.28,25.32,57.3,8,65842.55,2.26,141131.38
879,North Indian,Airport,282.8,985.56,71.41,73.2,21,75673.23,1.99,304063.42
880,Continental,Airport,258.7,856.26,59.03,26.2,22,95663.43,3.75,266613.41
881,Italian,Standalone,417.7,1494.72,75.25,135.5,9,68382.3,2.41,440823.55
882,Chinese,Airport,161.5,631.42,53.16,46.7,27,58126.2,1.1,186511.58
883,Continental,Airport,219.1,1058.07,76.8,32.7,8,15658.14,1.83,258249.97
884,North Indian,Airport,267.6,669.97,64.77,105.9,17,49247.06,4.43,233531.83
885,South Indian,Standalone,338.5,1005.18,34.61,66.1,9,31027.78,2.65,281096.87
886,Fast Food,Standalone,421.7,466.17,40.03,119.7,11,4280.26,1.47,217938.73
887,North Indian,Food Court,386.6,891.51,56.02,20.0,34,44132.42,2.13,289944.34
888,North Indian,High Street,496.2,562.7,25.06,51.1,8,25481.78,1.31,255860.99
889,South Indian,Mall,469.7,1192.75,29.39,108.0,16,49247.06,1.42,361510.5
890,South Indian,Airport,125.4,1243.19,76.72,145.2,33,29576.61,4.78,294886.22
891,Continental,High Street,363.5,698.92,41.8,145.7,19,40451.64,4.19,256906.66
892,Italian,Mall,96.2,287.37,49.92,63.8,31,88100.97,2.17,145971.11
893,Chinese,Mall,358.3,1012.03,66.9,83.1,18,83045.96,2.73,351339.08
894,Italian,Airport,166.1,1414.49,87.91,144.2,37,28360.3,4.8,320667.43
895,Continental,Airport,458.3,1064.58,91.68,28.9,23,20607.03,2.96,329780.53
896,Continental,Standalone,445.1,1028.58,19.63,101.3,39,11365.6,2.9,320565.92
897,Continental,Airport,68.7,246.95,0.3,65.2,30,49247.06,4.84,110522.25
898,Fast Food,Food Court,178.9,809.22,62.46,148.4,4,61019.48,4.18,244508.42
899,Continental,High Street,356.3,1309.44,84.15,83.7,36,58600.17,3.6,367994.1
900,Italian,Mall,200.3,1221.76,49.76,140.5,21,7851.84,4.27,289446.01
901,Continental,Airport,85.6,964.83,57.7,94.1,36,97106.58,2.47,244289.97
902,Fast Food,High Street,164.3,1216.18,94.5,90.5,38,99108.82,4.54,334620.45
903,Chinese,Food Court,439.8,1499.65,58.15,89.8,11,11529.26,2.29,395959.23
904,Fast Food,High Street,158.0,245.05,21.37,11.5,30,47151.64,4.0,127007.48
905,Fast Food,High Street,271.4,200.43,99.0,20.3,35,2931.76,2.55,143840.68
906,Fast Food,Food Court,237.1,778.43,11.45,77.1,8,2605.56,3.64,199631.44
907,South Indian,Mall,394.7,662.46,89.66,28.2,5,4903.12,2.96,254303.81
908,South Indian,Mall,469.3,1393.57,49.92,102.7,9,82125.44,1.94,436162.61
909,Chinese,Standalone,428.9,1367.58,51.97,46.1,19,29100.68,2.32,364392.06
910,Chinese,Airport,196.6,836.72,60.22,124.3,4,64755.48,3.32,253270.29
911,Continental,Standalone,331.5,406.3,25.77,128.3,19,98863.58,4.92,221251.31
912,Fast Food,Airport,186.9,617.46,68.57,58.7,11,96298.02,3.62,221731.43
913,South Indian,Mall,108.7,696.06,49.92,145.4,28,65122.95,2.37,205572.87
914,Chinese,Food Court,267.6,1337.74,9.72,125.4,14,11948.14,4.62,303226.13
915,Italian,Mall,267.2,752.58,77.16,139.2,18,5776.63,2.63,226013.25
916,Chinese,Airport,420.6,880.33,25.38,81.0,17,99448.35,3.01,322830.3
917,South Indian,Food Court,435.2,1062.12,34.1,98.9,4,77052.53,4.58,358999.88
918,Chinese,Standalone,183.4,287.64,6.21,37.1,36,93279.81,4.89,166991.85
919,Chinese,Standalone,324.3,1055.23,36.8,114.2,39,12324.63,4.26,268510.91
920,North Indian,Food Court,415.5,1241.28,93.33,134.9,17,83542.8,3.38,368247.49
921,Fast Food,Food Court,280.9,989.71,64.54,148.3,21,57825.38,4.66,295209.68
922,Italian,Food Court,321.5,872.89,78.58,58.0,38,49247.06,4.3,296928.36
923,Chinese,Airport,378.4,200.25,21.34,89.8,38,1432.85,3.09,150411.86
924,South Indian,Standalone,97.1,1062.46,58.75,120.8,40,30040.99,2.26,236309.85
925,Continental,Food Court,52.3,1181.35,91.34,133.0,15,20731.27,2.7,239032.5
926,North Indian,Airport,112.5,1188.12,55.38,127.4,16,69352.64,2.96,292233.13
927,Continental,High Street,278.7,901.52,4.35,138.3,5,64182.81,4.04,271214.57
928,Chinese,High Street,380.5,177.38,64.48,89.8,27,55153.25,3.18,206499.23
929,Italian,Food Court,203.4,910.07,44.93,29.8,4,55666.77,3.29,246386.05
930,Fast Food,Airport,436.2,592.49,57.0,90.8,33,68440.24,2.96,266985.5
931,Fast Food,Airport,233.1,509.43,58.46,48.6,8,53951.51,3.03,202917.63
932,Continental,Standalone,143.9,970.38,4.12,149.7,22,47095.69,3.21,242402.82
933,South Indian,Food Court,332.0,318.64,79.91,17.7,20,81116.93,4.65,225562.7
934,Italian,Food Court,89.4,1271.36,62.18,65.6,39,51271.35,3.92,324243.93
935,Chinese,Standalone,336.2,1136.75,91.75,81.0,22,72893.3,3.83,323220.51
936,Italian,Food Court,380.8,350.5,86.07,81.2,18,42633.49,2.92,237487.85
937,Continental,Food Court,467.1,461.03,21.43,75.8,15,27095.37,1.2,238745.78
938,North Indian,Airport,281.5,330.18,50.6,88.9,32,49247.06,1.72,191673.41
939,Italian,Food Court,279.1,1383.58,26.95,26.8,12,32025.87,4.13,326128.99
940,North Indian,Mall,290.7,1477.08,6.99,143.9,31,63157.78,2.47,362330.61
941,Fast Food,Airport,284.8,797.21,41.08,100.8,26,81186.66,2.5,269842.49
942,Italian,Airport,467.8,757.59,1.31,91.2,23,63665.46,2.31,309699.76
943,Continental,High Street,53.1,635.88,1.85,71.1,8,74519.92,3.23,153772.36
944,Fast Food,Standalone,296.3,198.55,85.21,133.2,10,6285.07,4.43,169256.43
945,North Indian,Airport,233.5,905.48,40.23,142.9,38,92449.44,2.25,284335.8
946,Chinese,High Street,91.0,659.19,59.66,24.3,28,82068.8,4.47,190769.65
947,Italian,Standalone,330.9,955.49,64.58,105.9,20,56125.38,4.96,304528.67
948,North Indian,High Street,140.8,156.59,4.7,129.0,25,27323.64,1.21,108049.36
949,Continental,Airport,102.0,157.29,29.34,62.5,40,41348.89,2.0,98419.23
950,Chinese,Standalone,187.7,1380.65,84.35,98.4,10,38618.69,3.54,323803.59
951,South Indian,Standalone,201.8,706.33,12.9,32.6,11,7846.86,3.77,180814.62
952,South Indian,Mall,172.7,1217.27,79.27,31.9,8,62693.18,2.43,301222.66
953,Fast Food,Airport,392.8,1114.66,63.41,114.1,4,39359.59,1.9,341273.7
954,North Indian,Food Court,252.4,210.87,13.23,87.7,5,3027.71,4.63,142465.5
955,Chinese,High Street,332.5,216.62,57.61,118.0,9,36872.4,2.46,179950.59
956,North Indian,Mall,370.8,405.85,80.5,125.2,5,60790.89,3.95,246334.08
957,North Indian,Food Court,276.1,872.81,6.41,135.4,19,48887.58,3.5,265815.72
958,North Indian,Mall,175.1,231.15,69.18,29.5,5,17949.46,1.72,122370.35
959,South Indian,Mall,258.6,711.3,32.1,23.9,20,34911.93,4.05,218283.52
960,Fast Food,Standalone,285.1,574.05,29.29,95.9,21,32423.41,3.21,222135.7
961,North Indian,Standalone,444.8,593.88,54.78,24.0,27,58731.72,1.39,273080.34
962,Fast Food,Airport,318.4,974.8,76.99,121.6,18,35957.64,1.32,293621.91
963,North Indian,Airport,378.7,537.78,21.96,82.0,4,36880.09,1.77,230585.21
964,South Indian,Airport,189.6,1290.47,98.58,29.6,24,95305.21,4.08,338131.45
965,Italian,Airport,59.9,278.38,12.42,121.4,15,74705.41,1.62,118200.18
966,South Indian,Standalone,245.5,850.68,41.71,74.7,33,98535.76,4.34,285519.12
967,Continental,Food Court,154.9,588.35,32.57,87.5,18,47949.68,1.47,194106.39
968,North Indian,Airport,427.4,385.72,2.12,94.4,40,54293.34,4.04,249710.73
969,Continental,High Street,201.8,1158.77,61.68,122.6,24,58174.84,3.43,311707.36
970,Chinese,Airport,304.0,505.08,26.16,141.0,10,63954.04,1.84,220410.14
971,North Indian,Mall,236.2,739.89,43.33,142.3,23,55339.82,2.06,232956.38
972,Italian,High Street,239.0,1475.56,78.5,30.0,21,14972.56,2.37,344537.68
973,Chinese,Food Court,238.9,251.97,20.6,144.8,14,59095.51,2.19,171966.81
974,Fast Food,Food Court,484.9,342.84,41.45,74.2,20,42921.71,4.17,259903.59
975,Fast Food,Food Court,139.5,1123.52,16.02,24.5,17,16041.77,3.69,231323.67
976,Continental,High Street,268.5,591.31,29.05,115.4,39,15708.36,4.67,211813.03
977,Italian,Standalone,53.3,1265.71,28.97,26.9,36,70361.9,4.46,249059.73
978,South Indian,Food Court,148.2,835.14,49.92,145.8,19,88475.69,2.14,244548.08
979,North Indian,Food Court,441.0,543.5,23.44,108.1,8,27577.26,4.56,264347.61
980,Continental,Airport,312.0,1369.88,10.64,126.5,10,31376.7,4.38,334141.0
981,Italian,High Street,187.8,1038.01,93.63,75.0,10,4802.54,4.83,258769.22
982,North Indian,Airport,391.7,1072.64,73.44,97.5,30,99448.35,2.96,362821.53
983,Continental,Food Court,273.8,437.18,83.5,138.3,40,38028.79,2.96,215401.17
984,Chinese,Standalone,148.2,747.73,85.66,70.6,25,26395.78,3.9,200536.91
985,Chinese,Airport,481.6,1449.11,49.32,72.6,21,25625.36,3.67,405908.69
986,South Indian,Airport,335.6,1404.83,44.63,41.2,24,96074.18,2.96,338518.66
987,Fast Food,Standalone,250.2,1109.83,21.13,102.2,12,80453.33,3.91,304515.66
988,Italian,Standalone,163.0,740.82,73.36,81.4,12,9671.05,4.68,187409.86
989,Fast Food,Airport,290.9,1225.21,39.4,125.2,31,76850.01,3.64,359435.01
990,Fast Food,Airport,450.1,1244.97,4.2,91.5,10,95600.79,2.45,400919.01
991,North Indian,Airport,81.1,787.98,10.64,70.1,40,81093.09,1.77,210167.26
992,Italian,Standalone,416.7,1349.94,14.41,84.2,36,73701.86,3.47,417737.89
993,South Indian,Mall,250.0,447.59,2.17,59.0,15,83557.47,3.58,194395.71
994,Fast Food,Standalone,175.3,1349.81,93.11,79.8,11,1311.67,1.12,308296.66
995,Fast Food,Standalone,158.8,850.87,49.92,128.9,22,36874.04,2.81,235601.78
996,Italian,High Street,256.0,195.43,80.64,94.2,12,69159.71,1.03,170012.46
997,Continental,Airport,256.8,1208.95,84.74,105.8,5,53720.35,1.55,334531.55
998,Italian,High Street,244.0,1382.95,79.67,126.5,16,36753.19,4.32,327920.84
999,Italian,Food Court,362.2,346.05,37.39,25.6,11,17892.85,3.59,181825.89
1000,Italian,Standalone,479.5,284.98,59.79,25.2,3,51559.38,3.11,228286.23
1001,South Indian,High Street,138.1,365.5,83.2,66.8,26,8837.82,3.28,134610.52
1002,North Indian,Airport,137.4,805.6,92.26,48.5,20,38895.85,4.0,208411.92
1003,Continental,High Street,369.0,236.74,3.81,134.5,18,46660.63,3.1,205740.59
1004,Fast Food,Mall,144.5,342.58,99.65,146.3,36,72005.16,4.19,180568.46
1005,Continental,Mall,193.1,496.72,60.62,106.0,21,83333.56,3.97,213434.0
1006,Fast Food,Standalone,269.2,1160.35,49.92,51.5,10,8885.15,3.03,275981.37
1007,Fast Food,Airport,136.6,1276.09,85.73,140.8,18,5927.28,2.65,254320.77
1008,North Indian,Food Court,372.7,164.24,48.07,58.7,35,85293.31,3.73,213461.19
1009,Italian,Standalone,222.0,335.36,49.92,46.0,16,49938.05,3.3,155878.2
1010,Chinese,Airport,449.2,812.59,10.73,28.3,29,45440.36,2.58,295944.29
1011,South Indian,Airport,317.4,981.92,60.14,77.1,15,65339.47,1.8,288028.07
1012,Continental,Standalone,263.9,1001.1,25.92,23.4,21,96894.07,3.68,327372.08
1013,Italian,Airport,452.1,907.94,50.28,27.7,5,96555.18,3.68,356749.44
1014,North Indian,Airport,302.3,1235.21,81.2,30.6,11,90763.93,1.64,347812.27
1015,Continental,Mall,343.8,1347.24,53.27,81.0,18,35657.55,1.16,368062.74
1016,North Indian,Food Court,187.8,286.28,42.5,35.7,36,66577.24,2.33,151802.3
1017,Fast Food,Standalone,192.2,1309.32,83.22,122.9,17,19012.59,3.77,309846.78
1018,Italian,Food Court,462.1,621.22,32.74,70.3,17,81527.11,3.49,299842.12
1019,Italian,High Street,332.7,1181.74,1.48,117.6,11,99448.35,1.88,349766.17
1020,Italian,High Street,193.6,647.75,98.04,110.8,5,34753.39,2.33,217383.87
1021,Chinese,High Street,267.6,1448.18,70.48,131.4,13,74245.53,1.33,379615.15
1022,Fast Food,Airport,198.7,1170.45,63.38,121.4,31,34759.19,4.28,296731.16
1023,Italian,High Street,229.6,782.61,78.99,81.0,35,69207.51,2.81,238349.07
1024,Chinese,Airport,260.2,1051.54,83.19,98.6,34,33469.97,3.74,281007.05
1025,South Indian,High Street,485.0,304.49,68.75,81.5,24,53991.09,1.33,247237.0
1026,South Indian,High Street,314.6,568.14,96.61,104.6,14,75712.38,1.88,255437.46
1027,North Indian,Airport,210.5,901.73,70.79,93.4,15,59820.19,1.49,244743.28
1028,Fast Food,Standalone,103.4,496.52,30.48,134.4,4,5170.3,2.42,148551.5
1029,Chinese,Airport,164.1,897.86,94.16,57.3,20,40289.56,3.94,254818.97
1030,North Indian,High Street,417.1,304.15,40.18,15.1,36,24831.85,3.88,215349.27
1031,North Indian,Mall,314.6,835.75,25.16,91.8,17,72576.97,1.34,277786.76
1032,South Indian,Food Court,78.9,1147.38,0.99,81.0,26,93453.12,2.61,260185.92
1033,Fast Food,High Street,267.6,1133.05,88.94,133.4,5,81973.85,1.38,315613.17
1034,North Indian,Mall,350.1,780.78,41.05,68.5,9,10042.96,2.55,250205.23
1035,Fast Food,Food Court,106.4,1177.72,25.39,38.8,25,44411.54,1.14,250290.04
1036,Continental,Airport,265.3,1489.3,17.96,121.0,19,70868.47,4.64,348060.86
1037,Chinese,Standalone,52.8,446.57,67.84,126.2,36,40032.52,4.05,147926.7
1038,Italian,Airport,253.8,213.75,83.22,48.0,22,34252.35,4.33,159820.9
1039,Italian,Mall,350.0,551.48,22.69,81.0,12,83901.36,1.08,232689.76
1040,Fast Food,Food Court,183.4,1477.57,25.08,55.3,13,80082.66,2.96,325904.31
1041,Italian,Standalone,206.0,537.14,53.21,81.0,4,54481.59,4.46,194928.74
1042,Italian,Standalone,469.6,974.88,11.81,95.7,18,15269.68,4.54,347955.91
1043,South Indian,High Street,109.8,533.06,58.22,39.2,31,43707.88,4.56,170571.58
1044,South Indian,High Street,169.0,823.88,77.35,70.3,29,71853.33,2.94,231879.51
1045,Continental,Mall,133.4,911.66,34.64,144.8,25,11907.1,1.17,217654.27
1046,North Indian,High Street,275.5,174.38,93.05,22.3,24,88941.14,4.37,176491.62
1047,Italian,Food Court,367.5,646.6,42.86,14.6,15,1608.01,2.18,234673.68
1048,Italian,High Street,211.0,679.72,55.07,94.1,13,36557.33,2.31,208788.0
1049,Chinese,Mall,197.3,153.93,35.75,107.4,29,17978.38,4.09,124035.7
1050,Fast Food,High Street,169.0,596.84,25.12,60.6,28,8108.96,2.63,174386.1
1051,North Indian,Airport,287.5,808.56,8.19,42.2,38,36048.67,4.87,235333.06
1052,North Indian,Mall,470.8,386.09,65.12,123.7,39,96633.34,4.38,274855.21
1053,Chinese,High Street,247.2,1373.13,83.56,12.4,37,3329.78,2.61,305271.04
1054,North Indian,High Street,460.3,1208.78,91.78,31.6,8,99429.96,2.17,415929.77
1055,North Indian,Food Court,258.1,710.46,3.08,41.9,27,98192.87,3.25,232087.9
1056,Fast Food,Food Court,104.8,349.06,18.52,144.5,18,58655.86,4.31,129263.37
1057,North Indian,Standalone,463.0,959.85,51.77,104.4,37,20654.8,3.11,322728.88
1058,Italian,Mall,334.3,504.11,71.43,131.4,15,19480.41,2.52,226519.04
1059,North Indian,Food Court,58.3,1426.81,25.46,41.9,36,41698.86,2.16,288031.2
1060,Chinese,Standalone,347.2,1237.7,49.92,137.1,8,96662.26,3.36,363257.29
1061,Continental,Standalone,70.0,1252.89,88.72,47.5,9,90287.8,4.5,282199.71
1062,Fast Food,Mall,80.6,568.32,87.99,14.3,30,14131.5,3.14,157860.88
1063,South Indian,Food Court,352.8,1425.03,15.81,54.6,34,20491.3,2.73,322529.1
1064,South Indian,Food Court,211.4,374.08,8.15,108.3,7,17078.3,2.75,145578.94
1065,Chinese,Airport,497.6,1106.72,29.08,85.5,23,62126.18,4.06,377328.11
1066,North Indian,Airport,266.0,682.64,34.85,143.2,16,79187.43,3.56,259309.96
1067,South Indian,Standalone,109.5,805.42,2.06,71.2,24,1148.18,2.94,170570.5
1068,North Indian,Airport,102.8,1321.75,39.18,59.4,25,1749.55,1.2,252683.27
1069,Italian,Airport,229.2,1033.21,5.5,136.0,18,49991.44,1.62,246148.07
1070,Chinese,High Street,360.2,1359.13,89.47,70.8,34,30526.65,4.07,360129.19
1071,Fast Food,Food Court,374.5,1331.11,99.32,103.2,14,60180.69,2.11,386202.3
1072,Italian,Food Court,213.5,1263.53,9.55,39.9,17,48677.94,1.75,281638.16
1073,Chinese,High Street,165.9,825.78,69.95,83.6,23,52902.13,4.15,236918.28
1074,South Indian,High Street,426.4,679.99,45.28,103.4,21,15065.82,4.8,275383.24
1075,South Indian,Standalone,470.1,1496.13,80.69,120.3,4,8362.77,3.03,397958.73
1076,Fast Food,Airport,340.2,405.9,6.3,105.0,39,17564.38,3.2,200949.27
1077,North Indian,Food Court,411.0,1440.42,52.99,63.4,17,98632.97,4.97,404576.01
1078,North Indian,Food Court,360.8,1183.12,1.26,144.0,13,26315.03,2.96,319781.13
1079,Continental,Airport,60.8,1319.68,22.71,31.5,9,61007.94,1.71,265511.42
1080,Fast Food,Food Court,52.4,1465.94,83.61,136.6,33,15481.12,2.95,290097.83
1081,North Indian,Airport,205.1,914.5,54.9,35.7,28,49247.06,2.32,242826.38
1082,Italian,Standalone,267.6,1203.77,82.37,50.0,7,49247.06,4.04,319030.81
1083,Continental,High Street,259.6,527.11,51.24,39.5,36,26718.45,2.22,203368.66
1084,South Indian,Airport,56.1,741.33,63.43,80.1,12,56963.01,3.8,169488.11
1085,South Indian,Standalone,362.7,291.11,82.74,128.0,18,9077.58,4.91,212056.52
1086,Chinese,Food Court,102.1,1152.91,66.1,93.3,37,69393.91,2.13,270693.89
1087,Chinese,Airport,141.6,1110.21,71.66,112.6,6,15217.07,4.61,257480.94
1088,Continental,Mall,473.7,712.46,22.35,107.8,15,32025.17,4.8,305310.89
1089,North Indian,Food Court,485.5,720.43,57.98,89.5,7,49247.06,3.49,286591.25
1090,Chinese,Mall,101.4,1385.48,98.95,21.8,13,15101.31,1.17,266636.28
1091,Italian,Food Court,450.3,760.68,51.45,111.4,35,95318.76,3.73,329776.07
1092,South Indian,Standalone,127.4,500.72,66.85,72.9,6,59946.17,3.9,167422.9
1093,Fast Food,Mall,170.5,835.75,69.6,29.1,21,46863.6,3.64,246074.65
1094,Italian,Mall,357.8,1362.47,13.63,98.4,32,79955.74,2.96,365131.78
1095,Chinese,Food Court,263.4,742.2,79.62,85.2,5,80145.3,3.78,258606.32
1096,South Indian,Standalone,347.8,582.66,79.17,132.0,28,29791.92,4.94,254279.75
1097,North Indian,Standalone,405.8,500.19,15.57,14.2,8,30272.48,1.16,211626.91
1098,Italian,Standalone,312.5,835.75,95.8,105.7,19,8960.71,4.02,262561.36
1099,Continental,Food Court,281.7,1235.81,32.91,43.5,29,57989.56,4.99,331771.58
1100,South Indian,High Street,433.5,520.98,74.29,136.1,21,80733.72,3.29,285304.04
1101,South Indian,Standalone,386.9,309.79,53.14,81.0,20,62905.72,4.76,226578.18
1102,Continental,High Street,304.1,549.36,55.61,34.4,6,36816.35,2.2,206949.42
1103,Continental,Food Court,51.7,234.67,99.96,70.5,21,15556.54,3.6,90906.22
1104,North Indian,Mall,452.4,1127.92,50.82,83.7,5,21569.14,4.75,350363.37
1105,Italian,Airport,68.5,1275.33,47.03,68.8,18,41933.67,4.08,284684.32
1106,Fast Food,Mall,291.3,750.42,12.98,82.3,5,94565.62,2.17,263814.23
1107,North Indian,Mall,267.6,1349.67,60.53,113.1,37,86144.49,2.95,367481.59
1108,North Indian,Food Court,91.1,726.17,18.47,59.9,19,58975.54,2.64,191259.61
1109,Chinese,High Street,194.0,388.47,26.73,131.1,33,84379.13,3.65,181925.02
1110,South Indian,Food Court,295.5,1375.46,87.26,61.5,21,96198.26,4.95,403322.58
1111,South Indian,Mall,154.3,1348.27,83.87,81.0,9,9294.75,3.3,289590.49
1112,Chinese,Standalone,238.5,1173.71,30.1,75.0,9,51474.45,2.4,310455.43
1113,North Indian,Airport,408.7,1113.43,96.44,26.4,12,7091.35,1.46,312905.31
1114,Chinese,High Street,279.9,339.22,38.98,70.3,35,31126.07,4.6,196760.5
1115,Chinese,Airport,450.7,992.9,55.47,147.5,4,44989.59,4.01,352584.6
1116,Italian,Standalone,330.7,1288.55,40.77,83.6,6,94911.21,2.59,371497.07
1117,Italian,Mall,248.0,746.5,66.14,124.8,7,71765.86,1.3,254195.42
1118,Italian,High Street,436.1,1342.31,63.83,54.7,32,58811.01,3.81,390764.98
1119,North Indian,Food Court,79.6,835.75,60.14,68.2,11,81306.59,3.87,228527.81
1120,Fast Food,Standalone,141.9,319.7,30.88,74.8,7,30217.67,2.03,125672.09
1121,North Indian,Standalone,461.7,365.38,3.43,88.6,33,82372.99,2.12,232430.77
1122,Continental,Standalone,433.3,1479.0,33.83,84.4,11,63969.64,2.33,384140.06
1123,Italian,High Street,382.9,452.9,70.35,62.4,25,90228.16,3.65,259480.7
1124,Fast Food,Mall,267.6,1464.08,13.26,33.7,39,24053.79,3.74,339970.19
1125,Chinese,Food Court,294.8,174.81,22.02,10.5,25,11062.08,3.01,137580.13
1126,South Indian,Standalone,454.3,414.26,31.12,85.2,6,69402.85,1.87,265769.82
1127,North Indian,Food Court,385.2,413.4,56.92,74.5,18,32274.98,1.54,206489.93
1128,Chinese,High Street,132.6,151.83,99.29,99.6,25,14430.25,2.96,112370.13
1129,South Indian,High Street,232.3,998.53,84.69,27.5,28,6121.15,4.41,240468.22
1130,North Indian,Standalone,201.8,164.87,75.75,67.0,25,90062.73,4.49,171857.34
1131,North Indian,Food Court,151.1,589.7,75.3,66.2,28,62502.25,1.55,195989.41
1132,Italian,Food Court,56.4,1142.9,58.59,89.0,25,11798.72,4.68,234342.89
1133,Italian,Mall,426.9,567.91,81.78,135.9,19,39768.47,3.23,266803.83
1134,Continental,Mall,98.3,486.43,99.68,131.9,36,9358.53,3.52,163179.81
1135,South Indian,Mall,280.9,1308.19,77.91,95.8,38,43910.44,3.65,360082.19
1136,South Indian,High Street,401.8,474.35,94.72,133.6,10,35261.66,3.83,256418.92
1137,Continental,High Street,286.7,488.83,77.86,107.1,4,9149.27,2.94,195870.89
1138,Fast Food,High Street,76.6,1409.65,44.66,92.5,35,44855.49,3.47,297454.09
1139,Chinese,Mall,482.9,566.43,83.16,38.3,31,31256.97,4.43,274623.66
1140,Chinese,Mall,407.8,408.13,49.02,70.4,14,25335.61,3.02,230581.55
1141,Chinese,Mall,84.6,539.02,55.69,65.1,10,34610.4,1.64,158237.09
1142,North Indian,Standalone,172.3,478.91,24.7,82.6,26,40823.46,4.59,179655.9
1143,Continental,Food Court,440.7,170.28,64.47,15.9,23,10393.53,2.77,182724.83
1144,South Indian,Food Court,183.6,835.75,5.05,142.5,7,84793.78,4.89,253356.81
1145,South Indian,Mall,270.2,345.79,74.17,125.0,33,99448.35,3.32,214599.73
1146,Chinese,Airport,316.5,1152.82,88.22,48.2,21,94473.68,3.64,359637.2
1147,North Indian,Airport,380.6,594.56,46.68,51.8,24,74976.76,3.91,274761.81
1148,North Indian,Food Court,344.4,356.73,99.72,42.6,25,71581.96,4.62,213562.48
1149,Italian,Mall,95.2,191.01,25.6,88.4,5,33692.87,4.78,93430.21
1150,Chinese,Food Court,490.2,422.81,22.45,141.6,26,88875.67,3.84,283891.92
1151,Chinese,Airport,331.3,705.05,40.24,83.2,16,54573.13,1.82,253034.42
1152,Fast Food,Standalone,310.5,1031.73,52.19,103.2,5,87154.2,1.22,298074.41
1153,Chinese,Mall,367.5,1300.78,16.4,107.3,18,85280.53,1.58,375997.04
1154,North Indian,Mall,144.3,835.75,31.14,146.1,17,1148.18,2.96,202430.16
1155,Chinese,Standalone,206.5,475.19,25.15,47.6,30,97841.34,3.25,204243.96
1156,Italian,High Street,277.8,1401.0,90.6,71.2,13,61036.18,4.08,348377.08
1157,Italian,High Street,166.4,1372.9,99.83,106.3,4,55566.41,4.25,334996.21
1158,Fast Food,Food Court,190.5,1380.96,67.71,47.1,12,48661.71,3.29,341401.95
1159,South Indian,Mall,147.0,558.54,6.36,68.4,31,53870.02,4.44,175439.19
1160,North Indian,Airport,295.1,197.46,82.27,12.6,27,92121.51,4.04,193069.92
1161,South Indian,Standalone,152.0,541.4,34.07,81.0,23,90782.61,1.25,199829.24
1162,Fast Food,Food Court,267.6,1317.13,87.04,142.5,40,3957.1,2.49,322658.26
1163,Chinese,Airport,348.3,471.58,55.87,121.8,13,31070.42,2.96,222143.83
1164,Continental,Mall,373.7,1458.9,69.07,66.6,25,53657.7,1.28,399903.66
1165,Italian,Airport,262.1,661.17,12.16,24.6,18,2858.92,1.74,179923.61
1166,Chinese,Mall,393.3,1067.96,44.08,97.0,23,15196.67,2.73,334790.82
1167,Continental,Standalone,105.7,359.0,89.78,81.0,30,58731.98,1.96,152918.63
1168,Italian,Food Court,120.3,859.79,49.92,48.2,11,38223.07,2.24,202797.3
1169,North Indian,Mall,69.1,766.16,79.59,129.9,17,78887.01,3.09,213859.01
1170,Italian,Standalone,365.3,376.09,64.55,66.2,6,82585.54,2.96,233931.72
1171,Fast Food,Mall,78.8,697.04,29.01,24.1,15,37618.18,2.76,152430.76
1172,Fast Food,Food Court,62.5,1377.23,45.11,47.2,22,38244.37,2.22,288030.39
1173,Continental,Food Court,84.6,753.67,50.91,72.2,21,4011.06,4.61,172611.63
1174,Italian,High Street,105.5,171.4,0.82,136.3,10,32682.01,3.1,97694.87
1175,North Indian,High Street,194.3,589.8,0.19,98.6,28,83613.49,2.96,219969.56
1176,North Indian,Standalone,50.3,1221.69,66.58,149.6,18,46010.33,1.2,245837.04
1177,Chinese,Airport,143.6,602.0,84.67,65.2,14,56548.63,3.53,199892.57
1178,South Indian,Mall,245.3,301.72,31.68,44.5,31,97041.75,3.49,191225.7
1179,South Indian,High Street,211.1,223.19,57.95,64.3,20,49247.06,3.14,156503.78
1180,Continental,Food Court,279.7,592.89,61.13,84.1,10,44237.72,3.92,206316.8
1181,Fast Food,High Street,419.2,836.51,37.34,55.4,4,22776.04,2.03,279322.36
1182,Chinese,Airport,430.5,1132.4,85.83,51.3,24,46474.03,1.1,344909.87
1183,Italian,Standalone,276.2,577.28,40.02,91.1,31,79405.91,1.03,240431.56
1184,Chinese,Airport,416.8,1404.7,77.96,62.5,35,33515.31,1.37,394656.08
1185,Fast Food,Mall,305.8,579.78,7.76,117.1,35,49131.08,4.59,229146.99
1186,Continental,Airport,249.9,515.2,95.86,51.1,28,18111.2,4.16,193933.17
1187,North Indian,Airport,221.2,902.53,36.24,70.5,9,71150.58,4.88,262346.21
1188,Fast Food,Mall,365.6,487.35,4.14,81.0,10,62539.72,1.94,222911.71
1189,Italian,Food Court,76.6,541.34,59.94,140.4,21,63805.65,2.81,178227.96
1190,North Indian,Standalone,79.6,490.39,72.71,123.1,11,83639.6,3.08,172166.51
1191,North Indian,Mall,143.5,1313.53,27.33,82.5,21,34201.88,2.84,256144.89
1192,Italian,High Street,91.1,1278.45,2.54,136.6,38,52325.8,2.41,269475.5
1193,Italian,High Street,282.7,788.39,62.5,108.9,13,1806.66,4.91,231213.53
1194,Italian,Standalone,63.1,524.42,83.35,35.1,28,21919.98,2.46,130920.37
1195,Chinese,Airport,391.6,749.0,9.66,58.7,16,95360.34,3.78,285515.37
1196,South Indian,Food Court,267.6,291.53,84.66,51.1,11,3946.76,4.93,161468.47
1197,Italian,Standalone,60.6,1162.87,92.76,89.3,28,52375.1,1.03,272122.93
1198,Italian,Mall,390.5,1068.77,18.04,102.8,14,36729.39,1.92,321961.27
1199,Fast Food,Airport,333.8,247.73,49.92,115.2,20,13465.89,2.55,170843.6
1200,Continental,Airport,104.8,453.16,52.3,128.6,14,28402.87,1.14,144836.65
1201,Continental,Airport,349.0,1179.47,44.93,24.3,18,46001.98,1.92,317651.54
1202,North Indian,Standalone,300.8,725.5,70.29,12.7,21,98283.85,1.7,266420.16
1203,South Indian,Food Court,267.6,835.75,90.95,59.0,7,13803.09,2.87,235545.12
1204,Chinese,Mall,438.0,980.91,74.77,34.0,6,8094.11,4.15,290883.58
1205,Italian,Standalone,139.7,1358.07,27.9,125.4,35,79797.66,2.96,313372.87
1206,Chinese,Mall,351.4,918.53,49.46,18.6,17,14622.57,4.89,278275.72
1207,Italian,Mall,474.4,1390.31,52.72,72.8,17,41058.53,4.29,400353.45
1208,Chinese,Food Court,177.0,1299.2,40.44,56.6,16,60857.03,4.1,299429.4
1209,North Indian,Food Court,356.3,1026.46,27.0,129.0,16,6097.17,1.73,279949.81
1210,Continental,Standalone,239.3,1047.5,35.23,138.4,4,16710.32,1.98,271108.93
1211,Continental,Food Court,360.3,511.82,1.33,92.9,23,50205.76,3.52,220524.21
1212,Fast Food,Food Court,498.6,912.79,66.63,121.1,39,48357.73,3.53,363612.22
1213,Continental,Mall,132.6,1088.41,10.21,81.0,23,98236.04,4.59,267986.89
1214,North Indian,Mall,78.0,1413.92,71.35,81.0,34,84145.07,4.68,306815.98
1215,Chinese,Mall,135.0,348.31,78.25,115.0,29,16723.38,4.65,135489.32
1216,Chinese,High Street,395.7,1224.99,33.85,69.4,22,1148.18,4.13,324799.46
1217,North Indian,High Street,413.0,1188.3,81.43,108.1,39,70502.13,4.82,395731.09
1218,Italian,Airport,88.4,164.41,44.55,45.8,18,83499.5,4.65,122924.61
1219,North Indian,Airport,150.0,426.36,22.61,69.0,9,17744.61,4.39,146192.5
1220,North Indian,High Street,153.2,299.9,79.85,39.0,21,69002.01,1.05,155493.06
1221,North Indian,Airport,203.8,710.47,87.37,81.0,21,76203.66,1.83,227296.57
1222,South Indian,Mall,299.4,1046.61,10.82,65.6,33,90509.96,2.05,309720.03
1223,Chinese,Standalone,143.0,567.96,15.33,130.7,27,80121.42,2.06,189276.2
1224,Italian,High Street,416.9,352.2,21.05,33.6,34,68641.09,3.45,250484.58
1225,Continental,High Street,307.5,397.32,71.0,63.9,14,20941.46,3.9,185284.81
1226,Fast Food,High Street,164.4,1485.61,0.65,30.6,13,58260.17,1.37,322339.02
1227,North Indian,Mall,180.6,513.64,73.85,44.2,34,55303.69,1.09,195144.37
1228,Continental,Airport,184.7,157.35,8.27,147.1,28,74719.01,1.42,151832.44
1229,Italian,Food Court,62.1,1366.95,0.02,119.4,25,13483.42,2.12,247701.98
1230,Italian,High Street,405.0,331.06,56.75,87.5,13,73194.21,2.56,242651.74
1231,Chinese,High Street,72.9,152.14,15.36,59.6,12,8236.74,3.66,75608.0
1232,Italian,Food Court,254.9,974.49,95.73,135.0,16,67984.31,1.4,289754.44
1233,Fast Food,Food Court,132.7,1191.91,1.16,96.3,29,13079.91,5.0,238981.78
1234,Fast Food,Airport,423.2,1253.71,95.27,12.2,37,98607.19,2.1,375128.32
1235,South Indian,High Street,277.4,543.64,46.93,133.6,31,21481.41,1.9,216237.43
1236,North Indian,Mall,204.5,798.12,71.48,51.9,14,75234.4,1.76,227936.04
1237,Continental,Mall,188.1,392.54,26.87,145.4,28,94502.19,1.06,188222.87
1238,North Indian,Food Court,68.6,1319.13,21.31,106.1,8,79467.96,3.12,286150.14
1239,South Indian,Standalone,319.4,948.26,63.45,33.0,23,84593.18,2.62,310144.94
1240,Italian,Standalone,128.4,544.73,46.26,148.6,26,18945.65,2.81,168314.15
1241,Fast Food,Airport,350.1,870.2,59.21,73.8,40,55232.34,3.83,303217.91
1242,North Indian,Airport,170.2,754.74,75.54,120.8,29,34217.3,2.02,232659.79
1243,South Indian,High Street,362.2,1103.84,60.0,24.3,10,92604.27,2.84,328306.04
1244,North Indian,Standalone,478.8,196.9,49.92,50.3,29,47193.51,2.52,216961.77
1245,Italian,Mall,164.9,810.46,41.61,20.1,11,61513.22,2.89,212947.83
1246,North Indian,Food Court,94.4,341.18,1.61,17.5,33,80370.54,4.27,143435.36
1247,South Indian,Mall,81.4,1259.07,53.69,115.8,3,52781.92,1.78,274122.12
1248,Continental,Airport,243.9,815.41,35.69,61.8,31,84589.96,4.27,271082.49
1249,South Indian,Food Court,55.4,1379.37,92.34,89.2,23,81058.24,1.78,317986.09
1250,Italian,Food Court,50.1,237.08,33.08,131.6,23,43916.72,3.1,99076.1
1251,North Indian,Food Court,119.7,298.73,36.62,81.0,18,7344.45,2.47,117622.18
1252,North Indian,Mall,222.0,842.02,86.04,102.4,37,38106.21,3.36,270790.18
1253,Chinese,Food Court,319.1,1139.33,86.29,76.4,3,56681.43,1.58,331482.37
1254,Continental,Standalone,350.6,396.96,44.81,66.0,13,88698.63,4.75,251133.51
1255,Chinese,High Street,117.1,1159.4,46.24,36.4,34,95012.35,1.34,260294.01
1256,Fast Food,High Street,373.1,1454.4,13.58,143.6,37,12825.51,1.75,358911.73
1257,Continental,Airport,136.5,1356.91,62.75,124.7,35,26867.5,3.71,291630.09
1258,Italian,Airport,145.9,1021.77,20.13,122.3,6,22771.45,2.96,238767.21
1259,Fast Food,Food Court,495.2,1133.37,3.65,18.2,19,31300.92,4.59,339174.62
1260,Italian,Standalone,474.9,1130.36,81.05,110.6,15,90747.1,4.54,410035.28
1261,Italian,Airport,174.0,1357.15,21.74,138.2,38,87026.65,4.77,352810.2
1262,Fast Food,Airport,246.2,763.19,22.57,40.3,32,78462.33,3.58,259300.7
1263,Italian,Airport,317.3,1315.63,2.09,16.8,27,2174.08,3.86,313376.38
1264,North Indian,High Street,339.4,835.75,32.07,137.7,17,91600.05,3.32,292310.76
1265,Continental,Mall,274.5,821.66,63.29,13.4,22,59619.3,4.93,257988.0
1266,Chinese,Mall,421.2,455.3,11.35,125.9,34,38666.46,2.17,251186.38
1267,Italian,Standalone,279.1,1112.22,3.2,38.5,14,79492.95,4.66,316693.71
1268,Chinese,Mall,441.1,261.7,67.19,102.2,17,54729.28,3.67,233835.78
1269,Italian,Mall,214.8,882.95,96.6,62.8,7,67373.49,4.08,261408.92
1270,Fast Food,Food Court,313.2,428.97,92.75,10.5,37,57573.89,1.7,203420.1
1271,Chinese,Standalone,90.3,616.74,49.92,94.5,10,96515.26,1.3,183348.25
1272,Fast Food,Standalone,111.6,924.4,91.48,51.1,9,54099.65,4.11,254093.88
1273,Continental,Standalone,57.5,348.47,56.26,23.8,34,82006.41,4.21,132839.01
1274,North Indian,Mall,326.3,835.75,17.87,99.5,30,35391.08,2.96,269455.07
1275,North Indian,Airport,293.6,198.88,25.63,143.7,11,83422.88,1.38,191997.08
1276,Continental,Airport,225.6,1420.19,90.76,84.6,17,82531.51,2.35,343134.24
1277,Fast Food,High Street,123.5,1000.33,75.97,68.5,18,35397.17,3.09,239050.65
1278,Chinese,Standalone,205.8,1211.81,48.88,90.6,18,70588.66,3.54,323645.66
1279,South Indian,High Street,352.2,953.19,93.31,105.9,19,82468.19,3.43,330870.4
1280,Fast Food,Mall,469.2,460.96,59.37,146.6,17,38782.2,4.08,298998.7
1281,Chinese,Standalone,267.6,553.67,41.16,70.9,15,85685.59,3.57,215958.66
1282,South Indian,High Street,75.7,757.57,70.99,14.5,10,49247.06,2.04,191740.65
1283,Fast Food,Airport,299.2,1308.93,49.92,75.2,29,7732.02,4.86,322130.08
1284,Italian,Airport,377.9,1019.44,94.99,45.3,15,54315.31,1.55,331369.44
1285,North Indian,Food Court,458.5,892.07,44.84,81.0,28,79951.25,4.82,350606.45
1286,Continental,High Street,64.9,1378.13,74.86,50.4,17,42965.69,3.38,270448.91
1287,North Indian,Mall,274.8,487.3,59.91,123.6,33,9611.03,1.69,197740.16
1288,Chinese,Mall,272.3,1074.44,66.62,14.5,40,3159.77,4.19,258501.24
1289,South Indian,Food Court,167.4,837.26,78.73,59.0,28,61790.36,2.4,244592.48
1290,South Indian,Airport,378.9,544.9,59.39,70.4,29,3992.77,3.18,232093.79
1291,South Indian,Airport,156.0,1478.56,60.3,122.6,15,29298.85,4.92,328924.66
1292,Fast Food,Standalone,470.3,911.22,8.38,89.8,39,50910.83,4.09,343279.31
1293,North Indian,Mall,486.3,1270.09,40.87,128.4,27,69438.55,2.89,410818.27
1294,Fast Food,Mall,126.7,418.18,96.35,50.0,26,59356.78,1.56,165370.87
1295,North Indian,Mall,474.1,1287.32,97.51,86.0,40,1148.18,1.3,361336.76
1296,Italian,Standalone,285.6,535.04,35.78,41.2,24,7461.32,3.27,188796.97
1297,North Indian,High Street,384.5,1281.13,12.33,23.4,16,51025.78,2.95,361500.9
1298,Italian,Food Court,203.2,417.58,81.01,98.6,27,32684.67,3.03,187053.46
1299,Fast Food,High Street,210.5,176.25,15.59,68.5,36,4488.84,3.88,117353.68
1300,North Indian,Food Court,397.9,1436.07,55.2,65.4,15,52472.93,3.51,390157.41
1301,Chinese,Food Court,382.4,1123.57,74.92,57.8,17,69968.64,3.74,341015.02
1302,Italian,Food Court,478.6,534.63,49.3,43.7,15,93619.15,3.05,311501.68
1303,Chinese,Airport,224.4,821.28,79.72,120.8,19,79603.68,3.39,275441.73
1304,Continental,High Street,387.6,650.99,2.12,22.0,24,23516.89,3.4,260219.47
1305,Fast Food,Food Court,410.8,1413.26,94.75,118.3,29,50728.58,1.71,386441.85
1306,Italian,Airport,102.1,315.94,81.52,101.0,36,36612.3,3.36,135969.43
1307,North Indian,Airport,460.8,1071.51,53.42,117.3,10,86409.59,2.06,375009.71
1308,Chinese,Food Court,249.0,1105.72,75.58,23.8,32,31023.69,4.65,299522.26
1309,Italian,Food Court,467.6,1092.12,99.22,127.9,8,17741.24,4.6,353971.68
1310,Fast Food,High Street,332.4,341.05,52.0,148.2,24,1771.49,1.1,177699.06
1311,Fast Food,Airport,148.1,761.22,3.71,103.0,12,93222.77,4.81,235261.9
1312,Chinese,Mall,194.0,1330.54,93.47,91.0,34,75267.17,2.78,348917.75
1313,Fast Food,Food Court,328.7,1322.07,18.54,26.2,34,46614.21,4.05,330279.34
1314,Chinese,High Street,422.5,401.01,76.3,66.5,31,10216.32,1.91,239654.76
1315,Fast Food,Mall,388.5,835.75,69.53,46.6,21,30990.22,2.73,299782.76
1316,Chinese,Food Court,223.7,498.04,40.54,92.1,10,49247.06,1.2,189743.73
1317,South Indian,Mall,96.1,1438.44,32.52,62.5,5,89806.79,3.7,311906.35
1318,North Indian,Standalone,334.8,1325.41,45.76,135.7,40,22342.73,3.01,357799.22
1319,North Indian,High Street,454.7,881.16,78.39,36.9,34,35864.56,4.87,315289.33
1320,Fast Food,Mall,74.5,350.45,63.69,47.1,12,73073.49,4.68,141394.64
1321,Chinese,Airport,405.3,651.83,15.78,67.4,39,67371.45,2.02,255923.25
1322,Fast Food,Airport,286.5,695.6,76.46,81.0,18,98453.75,4.5,284449.7
1323,South Indian,Food Court,217.8,1123.74,43.42,80.7,19,40055.46,3.78,262031.32
1324,South Indian,Food Court,456.5,291.88,40.42,140.5,21,49398.73,3.28,251749.64
1325,Chinese,Mall,188.5,1463.13,89.3,90.2,39,49247.06,3.88,339392.89
1326,Continental,High Street,89.2,835.75,77.64,130.2,12,7033.06,4.28,194224.86
1327,North Indian,High Street,436.2,866.14,16.1,60.2,22,91160.79,1.63,317511.39
1328,Fast Food,Food Court,429.9,1031.8,93.4,79.5,39,3678.89,2.18,322015.15
1329,Chinese,High Street,256.8,656.38,99.02,60.4,5,7922.65,1.24,221834.28
1330,Italian,Airport,243.4,788.78,97.1,49.9,4,99448.35,1.41,242517.55
1331,Chinese,Standalone,393.7,1462.13,49.92,109.6,26,85193.07,4.96,439299.91
1332,Chinese,Mall,364.7,1303.74,63.77,14.8,10,24603.52,4.22,347584.44
1333,South Indian,Food Court,204.4,1180.04,94.88,125.4,7,49247.06,3.53,290621.16
1334,Chinese,Food Court,177.1,835.75,1.83,89.1,38,52823.32,4.93,221002.14
1335,Fast Food,High Street,137.5,938.83,92.18,40.1,30,36651.72,2.47,254809.13
1336,South Indian,Food Court,295.6,1400.84,74.98,128.2,4,66828.94,2.19,350557.56
1337,Italian,Standalone,415.6,363.91,97.19,81.0,11,55544.13,2.2,232250.07
1338,Fast Food,Mall,191.0,582.15,91.48,58.3,11,47475.51,4.34,214028.89
1339,North Indian,Standalone,471.1,1069.24,15.44,63.4,39,91754.11,2.21,375142.55
1340,North Indian,High Street,466.8,1096.37,92.14,127.2,36,1148.18,1.89,338976.91
1341,North Indian,Airport,401.7,719.04,78.0,57.6,28,49247.06,2.33,288187.54
1342,Fast Food,High Street,401.4,1005.57,84.88,148.7,30,47518.89,3.05,326752.86
1343,Chinese,Mall,432.9,1356.86,30.74,89.5,32,20508.16,4.51,395364.12
1344,South Indian,Airport,358.5,204.8,17.47,27.0,19,6449.04,1.04,161823.7
1345,Fast Food,Food Court,475.4,1034.86,21.14,31.9,15,99448.35,1.47,370311.86
1346,Continental,Food Court,291.0,177.06,93.25,130.3,30,88558.48,3.42,207001.66
1347,Chinese,Mall,187.0,394.18,10.83,72.9,4,40663.51,3.22,162367.48
1348,Chinese,Airport,91.2,1079.25,17.91,89.5,17,26185.05,1.16,221439.43
1349,Continental,Food Court,289.8,1341.76,48.64,33.1,27,13021.41,2.96,301581.28
1350,Italian,Mall,182.1,754.22,9.8,81.0,24,64720.91,3.86,227003.35
1351,Chinese,High Street,53.2,1409.07,58.5,30.3,14,52976.85,2.89,305254.87
1352,Continental,High Street,319.7,1316.34,26.4,10.2,12,38725.9,1.37,311063.1
1353,Fast Food,Airport,381.6,1211.75,25.64,58.2,27,13755.03,4.74,325668.97
1354,Chinese,Airport,173.2,814.02,47.09,125.3,28,22280.68,4.2,226676.11
1355,Continental,Food Court,327.5,561.18,53.22,100.9,7,84868.79,1.09,248990.96
1356,North Indian,Mall,299.3,226.25,25.32,112.9,35,49461.13,1.12,167604.69
1357,Fast Food,High Street,312.6,1364.34,53.81,133.4,29,87581.98,1.79,397469.36
1358,North Indian,Standalone,166.8,165.3,62.91,87.0,32,23885.99,3.64,134338.15
1359,South Indian,Airport,250.7,1355.03,92.81,120.8,4,1148.18,2.76,318404.46
1360,North Indian,High Street,202.2,907.36,63.96,130.8,3,84509.87,1.67,258804.7
1361,North Indian,Mall,241.2,1136.06,75.21,57.4,29,77714.36,3.62,293215.39
1362,North Indian,Standalone,106.4,199.17,24.3,38.7,11,67079.72,3.52,114860.27
1363,Continental,Food Court,156.5,841.61,47.03,58.5,28,92282.5,1.93,256952.91
1364,Fast Food,Mall,418.2,1471.18,57.85,141.7,9,2390.54,3.06,389169.14
1365,Continental,Mall,124.7,998.98,1.1,23.4,25,28332.77,1.97,214150.39
1366,Chinese,Food Court,392.4,654.28,46.64,50.5,32,72566.58,3.03,275188.03
1367,South Indian,High Street,397.9,683.18,98.53,107.1,9,73274.02,3.34,283414.78
1368,Italian,Airport,246.0,1407.74,74.27,126.9,15,10988.2,4.83,344738.0
1369,Chinese,Airport,319.8,1205.28,60.87,130.5,21,71630.8,1.84,357344.07
1370,Continental,Airport,91.9,1161.98,37.25,90.5,31,48458.81,3.68,243863.59
1371,Chinese,Airport,192.9,697.85,45.56,19.9,34,30098.65,2.28,217613.52
1372,Italian,Airport,58.5,695.37,78.63,12.4,18,55752.44,4.81,184307.5
1373,Fast Food,Food Court,253.1,1310.1,12.23,139.4,9,54790.1,4.9,349910.65
1374,Continental,Standalone,433.2,421.18,55.06,107.9,9,67369.86,1.18,239691.53
1375,Continental,Airport,438.6,1223.64,45.09,105.0,31,25110.02,1.93,341683.7
1376,North Indian,Standalone,132.3,263.92,62.31,25.9,24,3586.24,4.38,110099.91
1377,Chinese,Food Court,131.5,1241.87,96.39,144.1,19,83493.41,1.23,314407.45
1378,Continental,Standalone,322.5,1185.68,96.09,94.3,8,34980.87,4.36,355453.79
1379,Continental,Food Court,350.0,1302.72,47.01,66.1,27,20249.9,4.71,351713.04
1380,Fast Food,High Street,365.4,1343.08,32.36,91.4,24,8863.62,2.37,338393.0
1381,Continental,Airport,329.5,382.8,41.09,27.9,9,47360.18,2.75,191922.65
1382,Italian,Standalone,166.0,198.04,68.99,25.6,24,2761.61,1.04,110224.58
1383,Italian,Mall,472.4,1247.75,47.92,80.9,15,42860.26,4.79,363148.76
1384,Fast Food,High Street,364.9,1296.78,77.16,117.2,11,55170.93,1.36,385048.71
1385,Italian,Standalone,319.7,1411.24,25.37,79.7,22,11333.41,1.96,331608.39
1386,Chinese,Standalone,162.9,655.31,26.55,76.3,38,36294.26,1.47,201765.74
1387,South Indian,High Street,351.2,796.25,23.35,91.0,5,33073.91,4.69,273937.85
1388,South Indian,Mall,370.7,1073.23,57.46,12.1,25,14034.2,3.86,304516.78
1389,Italian,Airport,86.3,1436.98,37.88,58.6,19,31561.36,2.96,274105.95
1390,North Indian,Airport,240.6,611.52,26.78,10.8,23,39986.65,1.02,195488.02
1391,North Indian,High Street,353.3,1359.32,86.9,108.3,11,26501.18,3.98,367442.98
1392,Continental,High Street,64.1,835.75,9.21,37.8,35,23718.45,4.62,180500.94
1393,Chinese,Mall,267.6,937.14,2.05,126.9,30,33808.95,2.98,259073.99
1394,North Indian,Airport,395.4,634.47,53.78,26.4,26,5819.78,1.55,238092.64
1395,Continental,Mall,64.6,974.66,49.92,145.2,34,1148.18,2.96,205669.13
1396,Italian,Airport,462.6,1048.91,79.69,134.2,15,93919.59,4.6,347172.88
1397,Continental,Mall,372.0,476.16,39.24,139.4,18,1762.0,3.09,220201.38
1398,Chinese,Standalone,483.4,1335.09,98.42,24.3,26,89749.99,4.09,412322.95
1399,Italian,Standalone,281.4,531.37,27.15,48.1,39,12876.15,3.74,188362.52
1400,North Indian,Mall,318.8,974.75,45.95,81.7,31,58374.02,3.98,281461.91
1401,North Indian,Airport,427.8,1284.54,5.4,53.3,30,19069.85,3.13,329749.05
1402,South Indian,Mall,285.6,698.65,51.22,102.6,12,20828.14,4.19,222252.39
1403,North Indian,High Street,467.3,636.13,64.85,85.0,3,12315.55,1.22,260621.65
1404,Fast Food,Standalone,219.1,1161.96,60.37,96.0,16,58032.22,3.62,328334.47
1405,Chinese,Mall,491.4,582.99,27.47,81.0,11,69850.99,2.45,284414.55
1406,South Indian,Airport,455.7,708.54,11.16,134.6,29,26607.93,4.26,289776.97
1407,Fast Food,Standalone,418.2,645.19,1.1,60.3,9,78185.35,1.84,278646.6
1408,Fast Food,High Street,172.8,829.29,42.47,65.1,7,78918.07,1.01,235883.62
1409,North Indian,Standalone,170.2,221.22,81.95,86.6,14,20190.51,4.56,131581.88
1410,Fast Food,Standalone,388.8,908.14,49.92,59.8,24,39787.78,4.19,285938.77
1411,South Indian,Airport,145.9,1401.43,50.6,14.5,30,74419.95,1.85,329506.04
1412,South Indian,Airport,402.4,1141.27,90.88,32.4,36,56958.3,2.14,375773.34
1413,Chinese,Food Court,363.0,835.75,59.39,49.2,26,86012.04,4.05,290283.05
1414,Fast Food,Food Court,173.3,527.28,89.72,71.1,35,83819.2,2.71,205448.04
1415,Italian,Standalone,148.0,1322.2,59.78,36.2,3,79646.96,1.97,299377.38
1416,South Indian,High Street,66.7,1012.28,92.62,55.1,11,26499.28,4.6,210693.74
1417,North Indian,High Street,109.0,847.2,34.7,112.8,39,70895.68,4.51,235835.12
1418,North Indian,Standalone,124.7,385.18,21.63,91.6,38,48935.31,3.86,146808.12
1419,Italian,Standalone,231.0,328.25,41.2,10.2,10,56982.85,1.96,176463.1
1420,South Indian,High Street,148.0,237.12,53.14,111.4,30,4033.6,2.34,122651.45
1421,South Indian,Mall,377.6,292.11,89.27,112.7,20,36859.87,3.61,218544.97
1422,Chinese,High Street,448.2,1294.31,34.11,84.2,22,73781.77,4.54,411617.63
1423,North Indian,Food Court,265.2,368.93,73.59,86.6,16,45027.95,1.34,193863.6
1424,North Indian,Food Court,156.9,568.07,68.86,137.2,38,46664.58,1.28,191536.37
1425,North Indian,Mall,181.6,1012.21,0.59,36.4,20,90085.48,4.07,257363.18
1426,Fast Food,Airport,296.1,1102.16,49.92,77.5,19,60971.15,4.6,317542.26
1427,North Indian,Mall,375.4,509.13,6.92,37.6,37,64104.23,1.44,244496.14
1428,Continental,Food Court,386.7,173.91,76.43,58.7,25,31332.46,2.11,190680.17
1429,North Indian,High Street,337.1,1460.25,13.83,73.3,19,42415.09,4.09,339815.75
1430,Continental,Mall,497.2,1017.75,48.81,39.4,10,20004.92,3.39,322077.45
1431,North Indian,Mall,91.7,1126.58,70.23,126.0,21,19022.07,3.0,243198.68
1432,North Indian,Standalone,439.1,247.17,42.92,148.5,12,29537.12,3.22,215787.84
1433,Fast Food,Airport,196.0,569.86,83.07,22.3,22,50578.33,3.17,215964.29
1434,South Indian,Food Court,495.4,305.93,24.42,26.7,6,63429.74,2.8,226410.02
1435,Fast Food,Food Court,434.1,258.12,20.04,81.0,24,58312.0,3.64,227197.45
1436,Chinese,High Street,214.6,271.26,30.94,138.6,21,38214.42,2.1,160676.54
1437,Fast Food,Standalone,329.3,1243.52,38.23,86.1,7,31002.6,2.92,351330.85
1438,Continental,Airport,188.3,1302.18,13.92,149.2,12,7543.31,4.39,279989.43
1439,Chinese,Airport,188.5,342.81,72.66,94.7,33,16855.97,2.69,156607.94
1440,South Indian,Standalone,203.8,835.75,84.36,43.9,34,12161.9,4.46,236993.13
1441,Chinese,Food Court,117.2,631.09,49.48,74.3,21,85450.51,2.17,201390.88
1442,Italian,Food Court,423.4,1022.59,49.92,133.8,33,62142.94,4.17,350326.61
1443,Fast Food,Food Court,482.6,679.16,5.93,83.0,16,48741.12,4.35,298765.15
1444,Fast Food,Airport,352.6,286.47,17.36,39.2,31,92032.86,4.64,197611.74
1445,North Indian,Mall,356.3,1093.43,84.3,86.4,36,13565.01,2.69,327825.93
1446,Chinese,Airport,360.1,1350.58,79.3,122.3,21,30439.44,3.79,368308.98
1447,Continental,High Street,226.5,1404.94,5.96,54.5,4,17336.1,3.08,298222.9
1448,South Indian,Airport,406.9,824.41,35.92,44.5,13,96499.81,4.12,347457.46
1449,Italian,Standalone,267.6,1415.95,71.21,86.2,20,67624.68,1.74,346018.89
1450,Fast Food,High Street,176.8,1337.19,96.93,37.9,9,38736.48,3.51,300057.03
1451,North Indian,Standalone,404.7,458.44,87.35,144.0,4,5055.57,3.39,250837.44
1452,Italian,Standalone,103.8,1343.5,24.07,81.0,26,50015.9,2.02,271219.03
1453,Fast Food,Airport,300.3,410.13,22.43,19.1,22,37847.51,1.76,181102.78
1454,South Indian,High Street,85.5,1291.71,77.27,141.7,12,4713.93,4.48,261744.04
1455,Continental,High Street,219.7,1205.64,31.7,90.1,5,62824.04,3.25,309020.54
1456,North Indian,High Street,313.0,375.53,13.21,135.6,5,35059.47,3.48,194112.77
1457,Italian,Food Court,463.3,195.29,21.18,115.3,4,15774.37,3.12,187902.34
1458,Chinese,Airport,210.2,492.38,93.93,75.6,12,52794.4,3.55,195132.67
1459,Fast Food,High Street,415.5,783.2,41.13,52.5,21,68717.37,3.96,296817.22
1460,Italian,Food Court,155.5,257.35,63.41,91.1,34,1148.18,3.24,122189.82
1461,North Indian,Airport,430.2,668.12,14.27,21.2,30,91514.12,3.6,299462.66
1462,South Indian,Standalone,280.5,163.65,49.66,145.0,10,50659.87,3.7,171388.75
1463,Fast Food,Standalone,325.4,631.13,42.42,127.3,6,40061.09,2.16,225694.93
1464,Chinese,Standalone,410.2,600.65,59.14,78.8,17,8475.53,1.63,255845.03
1465,Continental,Mall,186.5,502.68,49.92,17.0,17,21821.31,2.85,165965.93
1466,Fast Food,Food Court,328.2,936.47,75.01,104.9,16,52185.19,1.67,310624.44
1467,North Indian,Standalone,127.2,1172.69,31.91,17.5,34,29291.08,4.89,260735.52
1468,North Indian,High Street,457.5,940.57,34.39,23.7,36,74081.26,3.4,354722.77
1469,Fast Food,Airport,156.6,275.95,70.73,99.3,38,34273.4,3.36,149030.6
1470,South Indian,Airport,303.1,1252.95,72.58,43.9,4,49908.33,3.7,351481.47
1471,South Indian,Mall,66.8,855.69,68.96,31.1,13,87060.08,1.15,219003.91
1472,Fast Food,Standalone,348.5,225.93,60.36,22.8,13,71793.05,4.2,199459.83
1473,Fast Food,High Street,283.1,605.92,41.68,119.6,29,40693.5,4.58,258044.18
1474,Chinese,Mall,322.7,1321.32,64.86,135.2,21,14504.33,3.53,352609.52
1475,South Indian,Mall,262.5,245.0,79.02,38.0,18,81540.86,2.47,189199.55
1476,Italian,Standalone,367.5,674.65,79.55,52.4,21,15593.66,2.88,237494.08
1477,Chinese,Standalone,413.0,763.47,12.66,98.4,36,97824.86,4.36,298549.48
1478,South Indian,Mall,236.5,1305.36,54.42,48.6,5,58600.6,2.75,322767.19
1479,Chinese,High Street,407.1,370.88,55.22,100.3,25,16260.61,1.75,218165.62
1480,Continental,High Street,376.7,1073.19,72.07,54.3,39,76493.93,3.83,341180.8
1481,South Indian,Food Court,344.6,897.47,24.92,24.5,20,19035.22,4.42,270548.8
1482,South Indian,Standalone,476.7,277.82,17.01,48.9,6,60987.09,1.75,240229.68
1483,Chinese,Mall,261.5,643.06,34.07,103.4,19,65145.92,2.12,240269.08
1484,Italian,Airport,438.1,611.73,24.33,136.0,31,87863.09,2.36,287815.31
1485,Continental,Airport,328.4,1090.09,48.98,95.8,38,52672.5,4.93,325774.71
1486,Chinese,Mall,382.9,542.0,1.43,61.8,13,76721.6,1.75,240302.31
1487,Chinese,High Street,433.9,1251.4,31.12,110.4,13,93841.29,1.58,382762.93
1488,Italian,Standalone,327.4,835.75,76.53,72.7,11,75435.93,1.18,283738.01
1489,Fast Food,Standalone,368.3,814.68,95.94,65.5,36,40682.13,4.02,290474.27
1490,Italian,Mall,116.7,940.51,31.04,70.1,15,61630.76,4.34,221174.12
1491,South Indian,Standalone,139.3,388.19,62.34,51.5,18,95307.43,1.78,172581.21
1492,Italian,Standalone,267.6,873.14,71.51,76.0,11,57376.93,1.02,261031.35
1493,Italian,Standalone,432.5,278.19,29.66,89.1,20,13387.3,2.96,183296.23
1494,Italian,Food Court,109.6,1348.05,86.21,116.8,7,94969.42,4.6,343272.35
1495,Continental,Airport,157.6,609.29,72.29,114.0,26,15278.73,2.96,193045.76
1496,Italian,Food Court,371.5,1107.32,82.25,132.4,17,51193.59,1.87,335263.22
1497,Fast Food,High Street,412.5,498.83,93.05,99.0,4,63091.04,4.89,269624.94
1498,Chinese,Food Court,223.1,1008.78,22.74,144.1,27,83265.15,4.95,281891.98
1499,Chinese,Food Court,202.9,835.75,21.46,137.6,21,39918.08,1.29,246868.67
1500,Chinese,Standalone,297.7,1340.98,49.92,32.7,19,43777.63,3.65,367929.75
1501,South Indian,Standalone,216.2,389.5,23.83,34.1,18,79280.35,4.67,186111.4
1502,North Indian,Food Court,159.2,617.25,17.94,27.8,37,66382.65,2.89,202834.7
1503,South Indian,Mall,271.7,852.18,18.84,108.5,16,41504.55,3.01,256089.68
1504,Italian,Mall,342.9,1024.84,36.03,32.6,32,91561.71,1.35,307616.5
1505,Italian,Standalone,172.2,1075.34,84.51,81.0,17,6132.1,4.57,250479.07
1506,Chinese,Standalone,402.1,591.14,73.23,113.7,18,65677.5,2.4,278845.85
1507,South Indian,Mall,164.1,1368.43,64.23,47.0,9,36241.23,3.46,293670.54
1508,North Indian,Standalone,341.4,918.6,69.64,82.5,19,19453.0,4.49,283302.46
1509,Fast Food,Airport,78.1,1063.92,35.36,89.5,28,41749.29,1.54,229108.42
1510,Chinese,Standalone,62.7,1348.43,53.56,111.7,4,1261.99,3.14,249948.42
1511,South Indian,High Street,426.4,1160.29,42.93,132.1,26,6065.0,1.76,337626.23
1512,South Indian,High Street,329.5,692.08,33.01,55.0,29,25362.02,4.0,231275.95
1513,Fast Food,Mall,71.1,520.01,29.71,112.3,8,87736.5,4.5,165337.24
1514,South Indian,Food Court,464.7,584.08,52.0,26.6,14,3866.34,4.12,243857.21
1515,Chinese,Standalone,180.5,218.31,74.7,125.7,35,23680.18,1.25,142056.41
1516,South Indian,Food Court,301.3,1497.56,1.78,19.5,23,28726.58,3.54,322650.23
1517,Italian,Standalone,421.3,754.72,47.72,125.3,39,41983.06,4.05,315402.81
1518,Chinese,Airport,97.5,1135.19,50.76,57.1,22,52222.93,1.06,265686.13
1519,Continental,Food Court,489.0,822.57,55.49,12.2,38,73001.1,1.49,327892.28
1520,Italian,High Street,367.7,986.42,8.47,26.8,15,43782.58,2.74,256648.3
1521,Continental,Mall,359.1,1057.47,36.23,124.3,21,44569.29,2.67,315305.59
1522,Chinese,Food Court,421.3,1494.82,22.78,25.8,4,28583.81,3.65,379152.32
1523,Italian,Airport,462.9,1286.68,66.48,71.9,14,87183.56,2.28,388889.74
1524,South Indian,Mall,146.8,1146.77,2.16,41.9,11,5976.66,3.12,228816.63
1525,Italian,High Street,369.6,1429.49,91.49,109.1,13,91514.12,3.67,435828.67
1526,North Indian,Food Court,269.8,513.22,0.32,61.2,23,85972.69,2.83,223608.14
1527,Fast Food,Food Court,290.8,635.28,12.51,144.9,25,92114.71,2.05,247484.45
1528,Continental,Mall,110.1,302.28,54.36,139.2,18,57255.32,2.62,133358.7
1529,South Indian,Airport,432.3,170.67,90.07,140.5,36,95177.33,2.35,244897.96
1530,Continental,Standalone,155.5,1202.4,42.52,141.0,15,25286.73,2.59,268826.56
1531,Fast Food,Mall,418.2,1321.09,59.64,132.0,38,20330.6,2.48,380088.39
1532,Continental,Airport,206.2,1282.04,78.05,144.4,19,21890.62,2.55,298119.9
1533,Italian,High Street,385.3,574.66,31.4,28.3,10,49566.44,2.03,247734.14
1534,North Indian,Food Court,121.3,929.18,51.45,51.8,21,83032.57,3.38,261555.52
1535,Italian,Mall,112.0,611.95,29.43,127.4,15,65014.17,2.7,191470.52
1536,Continental,High Street,163.6,577.41,51.88,85.0,8,17780.32,2.57,170331.55
1537,Italian,Mall,249.6,168.54,9.92,55.0,38,99448.35,1.49,168803.23
1538,South Indian,Standalone,471.5,835.75,48.51,23.2,10,1148.18,4.39,286165.79
1539,South Indian,Airport,419.2,1226.4,73.5,50.7,38,40525.68,1.35,376323.63
1540,Fast Food,Mall,465.8,1033.94,55.96,45.3,15,48616.47,2.64,335153.56
1541,Fast Food,Food Court,179.5,307.53,27.61,93.1,10,91993.47,3.06,169766.75
1542,Continental,Mall,448.9,1155.57,35.54,72.5,39,80361.19,2.74,378395.67
1543,Continental,Mall,295.2,1177.97,52.44,45.1,24,14703.0,3.18,293741.66
1544,Chinese,Airport,471.7,1057.23,55.98,81.4,39,62113.45,1.27,345285.4
1545,South Indian,Food Court,70.7,246.2,42.18,83.0,23,1663.95,2.83,88503.96
1546,South Indian,Airport,183.0,854.31,78.44,116.6,19,12122.69,4.41,229469.16
1547,Continental,Mall,58.2,190.14,68.13,15.7,28,37227.03,1.67,92209.92
1548,Fast Food,Standalone,408.5,738.24,5.3,137.0,19,45660.38,3.74,276911.82
1549,Continental,Food Court,499.2,693.75,48.51,57.7,28,11442.07,4.52,302023.85
1550,Continental,High Street,280.8,922.27,83.25,108.5,21,42206.86,2.96,271792.25
1551,Italian,High Street,435.4,475.44,68.66,55.6,14,68603.97,4.07,289595.71
1552,Fast Food,Standalone,187.1,194.36,76.19,83.1,7,50216.01,3.34,131911.92
1553,Chinese,Standalone,267.6,1128.46,49.95,70.7,14,92681.64,3.93,330849.94
1554,Continental,High Street,382.6,744.3,64.74,101.1,18,45085.67,2.43,287764.99
1555,Chinese,Mall,327.9,1124.68,5.95,93.1,10,16852.13,2.86,286128.33
1556,Fast Food,High Street,321.4,184.96,29.26,83.4,4,72567.81,1.16,180545.95
1557,Fast Food,Airport,256.4,1298.55,16.04,81.0,5,64909.53,4.54,343394.98
1558,Fast Food,Standalone,72.9,530.42,55.87,129.9,21,23595.18,2.11,134421.04
1559,Italian,High Street,149.2,1394.68,78.92,67.2,21,17783.59,2.16,301866.58
1560,Italian,High Street,270.1,1332.28,19.15,134.2,21,55158.77,4.58,299407.48
1561,Continental,Mall,365.2,790.04,12.03,28.2,15,37732.78,4.02,254500.18
1562,Chinese,Standalone,487.8,835.75,2.42,122.3,27,75051.49,2.57,352724.82
1563,North Indian,Food Court,254.1,1174.69,40.33,148.6,37,9382.73,2.13,285771.12
1564,Italian,Mall,184.8,370.79,66.79,140.5,7,49247.06,3.11,163932.27
1565,South Indian,Mall,316.7,1355.5,67.79,51.6,35,14980.96,3.05,336272.87
1566,Continental,Mall,454.6,417.06,16.27,86.1,11,70306.35,1.58,271905.2
1567,North Indian,Food Court,134.4,711.59,4.96,51.5,29,78144.46,2.07,187490.84
1568,Chinese,Standalone,428.9,1320.56,43.55,125.0,32,63491.4,3.09,380675.47
1569,Italian,Standalone,124.2,572.92,2.5,81.0,10,79577.9,3.22,192009.67
1570,Continental,Airport,354.1,837.07,7.59,16.4,40,49735.13,3.9,297747.69
1571,North Indian,Food Court,379.0,1430.07,65.46,64.9,39,38075.83,4.06,383039.89
1572,Fast Food,Food Court,84.8,1065.16,73.06,100.0,16,70090.94,4.01,246272.82
1573,South Indian,Airport,479.0,1228.97,7.02,72.2,6,99448.35,3.59,432116.87
1574,Continental,Standalone,222.8,673.88,33.35,137.9,28,61942.16,1.88,247451.38
1575,Chinese,Mall,369.1,1115.61,42.25,50.8,11,55160.29,3.79,337193.06
1576,North Indian,Food Court,462.1,1262.76,88.07,110.2,27,17405.11,4.74,371716.44
1577,Continental,Food Court,193.2,502.39,4.78,21.2,40,82958.45,2.87,193324.45
1578,Italian,Airport,306.6,327.85,45.55,146.0,9,99448.35,1.58,218490.32
1579,Continental,Food Court,488.0,1397.05,49.68,58.0,12,23098.99,2.75,397204.95
1580,Italian,High Street,435.7,1142.59,60.39,93.2,17,76483.74,2.74,393531.81
1581,South Indian,Standalone,401.2,801.09,20.6,16.3,6,19548.34,3.26,272111.72
1582,Chinese,Mall,127.4,618.84,1.52,68.8,16,20053.67,4.57,154820.83
1583,Fast Food,Airport,404.6,436.26,46.75,118.3,3,1148.18,2.08,225792.69
1584,South Indian,Food Court,484.0,715.77,48.1,110.1,23,24714.88,1.05,297071.95
1585,Chinese,Mall,216.5,1145.45,23.7,15.4,7,83541.8,4.8,306293.05
1586,Continental,Mall,397.7,947.6,21.04,100.0,27,38034.42,2.79,321740.88
1587,South Indian,Airport,459.6,927.31,3.84,44.7,5,75083.06,3.61,312208.08
1588,Continental,Standalone,285.4,1102.23,45.14,28.9,24,26587.85,2.33,286435.06
1589,Fast Food,High Street,496.3,638.17,68.27,81.0,8,49247.06,2.78,292434.18
1590,Continental,Mall,460.8,576.0,67.41,26.8,39,23096.3,4.57,252378.75
1591,Chinese,Food Court,89.2,905.99,74.83,28.0,36,14868.79,4.32,208623.05
1592,Chinese,Food Court,333.0,158.81,64.46,76.7,40,58239.66,1.94,210719.7
1593,Fast Food,Food Court,199.0,1025.41,30.53,96.2,19,51521.78,1.59,247171.76
1594,Fast Food,Food Court,306.7,842.78,96.35,36.2,14,6470.42,2.58,252949.98
1595,North Indian,Food Court,480.7,1015.71,49.92,56.1,18,85449.26,3.29,376393.56
1596,Italian,High Street,191.7,1025.79,39.55,95.9,21,13677.48,1.26,244732.94
1597,Fast Food,Standalone,65.0,505.1,90.02,137.8,13,40479.16,4.93,159754.72
1598,South Indian,Airport,90.8,655.78,33.04,129.4,21,69414.34,4.4,185953.99
1599,South Indian,Mall,212.2,945.54,80.17,113.3,21,49524.44,4.2,273269.82
1600,Italian,Food Court,182.8,537.67,19.69,147.6,28,40232.63,4.81,184006.32
1601,South Indian,Mall,240.2,1242.73,24.99,81.0,17,40998.13,4.4,282507.08
1602,Chinese,Mall,172.1,1251.15,22.48,148.1,20,85982.29,2.91,326029.8
1603,Italian,Standalone,355.3,223.59,71.28,115.9,24,83191.22,3.92,228737.91
1604,South Indian,High Street,91.4,853.58,65.61,17.6,34,17030.47,1.74,191199.99
1605,Continental,Airport,285.4,835.75,27.86,44.2,29,88396.91,4.46,283365.9
1606,Italian,Food Court,498.6,389.24,3.47,144.6,33,95180.76,1.27,293712.5
1607,North Indian,Airport,115.5,1100.28,49.92,135.4,10,3966.54,1.41,232140.64
1608,North Indian,High Street,231.4,510.31,43.97,33.4,24,48574.14,4.62,205847.15
1609,Continental,Mall,63.9,835.75,30.47,41.5,5,97791.16,2.02,206806.64
1610,South Indian,Food Court,417.9,742.13,94.16,140.7,12,61820.03,3.41,326932.79
1611,Fast Food,Airport,362.0,753.16,44.08,12.6,9,31100.28,4.18,261746.88
1612,Italian,High Street,328.8,504.6,64.81,148.3,25,55883.23,3.14,244618.7
1613,North Indian,Food Court,435.3,273.43,93.16,58.5,8,31746.67,2.86,208335.65
1614,Chinese,High Street,197.9,813.4,73.02,116.2,25,74144.0,1.49,256564.41
1615,South Indian,High Street,103.8,1138.8,95.03,50.9,5,29577.19,1.98,238550.05
1616,Fast Food,Airport,395.5,869.38,85.61,107.0,5,94623.29,2.78,321833.61
1617,Italian,Airport,74.9,496.94,37.23,81.0,16,24431.59,1.92,127219.01
1618,North Indian,Food Court,119.5,370.89,40.17,63.8,11,70230.97,1.81,140588.55
1619,North Indian,Airport,461.0,826.57,51.02,126.9,12,33378.69,2.78,337574.73
1620,North Indian,Standalone,251.3,528.96,44.37,81.0,36,3098.1,3.65,200815.8
1621,North Indian,Food Court,195.5,180.07,89.07,139.8,31,96766.23,4.43,196218.46
1622,Continental,Food Court,310.8,867.12,14.16,89.4,34,76582.55,4.75,280253.19
1623,Continental,Food Court,433.1,454.07,93.34,141.2,30,59387.62,3.06,274947.99
1624,North Indian,High Street,292.6,899.47,44.93,147.1,7,26529.47,1.18,247000.89
1625,North Indian,Mall,269.7,517.59,14.75,128.4,6,95010.76,2.24,222513.31
1626,Continental,Food Court,224.0,1102.94,46.8,89.1,31,48039.76,3.65,278319.57
1627,Continental,Food Court,124.1,294.78,70.54,120.6,33,42135.71,1.92,146709.11
1628,Fast Food,Mall,352.2,492.94,24.75,55.2,8,19807.71,2.98,204580.22
1629,North Indian,Airport,130.0,234.86,47.22,92.4,37,5890.87,3.7,116346.9
1630,Continental,High Street,100.6,840.65,35.42,124.2,20,49247.06,4.8,220071.67
1631,Chinese,Food Court,50.6,1264.56,71.84,27.9,15,30236.9,2.57,271604.75
1632,South Indian,Standalone,214.1,864.92,45.95,123.8,31,49247.06,4.01,241940.37
1633,Chinese,Food Court,54.7,1408.37,49.89,92.1,38,78870.95,1.51,315100.81
1634,Chinese,Mall,457.8,153.84,2.24,91.4,29,11162.68,2.4,197510.95
1635,North Indian,Food Court,171.1,1456.61,20.51,113.3,22,75349.56,4.55,321579.64
1636,Italian,Airport,56.6,609.6,92.46,140.1,39,98835.55,4.83,217078.5
1637,Fast Food,Food Court,280.2,406.41,17.8,25.5,36,15543.33,4.88,179931.73
1638,South Indian,Standalone,231.9,1339.19,67.52,141.0,21,98626.35,3.3,356515.2
1639,North Indian,High Street,96.1,205.28,20.08,55.1,21,46100.98,4.32,101731.13
1640,South Indian,Standalone,257.3,272.17,17.03,134.1,22,62010.95,1.04,167363.75
1641,North Indian,Airport,260.1,1486.14,72.62,61.4,29,5235.45,2.63,364904.71
1642,Chinese,Standalone,50.7,890.66,79.3,56.3,18,26279.0,2.86,193664.69
1643,Chinese,Standalone,473.4,1123.7,0.27,80.5,37,15308.48,2.68,351721.49
1644,Fast Food,Standalone,463.0,1219.26,4.86,77.7,19,50656.93,1.05,350525.74
1645,Italian,Mall,377.4,616.37,64.36,95.3,23,79681.21,2.59,271936.67
1646,Italian,Airport,436.9,1035.1,51.13,69.3,38,57109.26,2.72,363919.7
1647,North Indian,Mall,111.8,596.87,80.1,81.0,21,46070.04,2.18,171934.54
1648,South Indian,Mall,211.9,659.47,50.99,86.3,19,90339.68,1.63,229968.7
1649,Italian,High Street,267.6,1329.62,74.77,59.8,39,22311.5,2.85,327771.0
1650,South Indian,Food Court,268.1,204.17,85.75,100.1,38,13930.92,1.17,157793.48
1651,Continental,Airport,274.6,861.65,57.89,71.9,4,50457.8,3.36,261895.39
1652,Italian,Standalone,326.8,607.31,81.31,125.2,18,25853.04,1.92,242599.21
1653,South Indian,Airport,78.7,346.52,83.73,77.1,38,95173.31,3.11,167341.58
1654,South Indian,Mall,58.8,424.61,82.09,37.2,12,17507.79,3.67,123858.46
1655,Fast Food,Airport,188.2,563.36,53.2,106.6,14,95279.28,3.8,214085.77
1656,Italian,Food Court,191.3,898.31,23.43,89.9,24,49247.06,2.62,238328.94
1657,Chinese,Standalone,438.1,835.75,47.65,123.3,7,37293.16,1.89,317690.76
1658,South Indian,Mall,174.2,336.16,47.02,66.7,8,26803.3,1.65,141900.44
1659,Continental,High Street,322.1,256.9,22.14,143.5,26,83619.31,2.62,196685.24
1660,North Indian,Food Court,482.4,278.13,19.09,69.1,39,97980.84,3.72,266952.64
1661,Continental,Airport,423.6,216.95,39.86,47.4,29,38404.74,2.85,187492.18
1662,South Indian,High Street,339.4,1212.41,14.06,103.4,10,40483.22,4.61,329417.23
1663,Chinese,Standalone,424.3,633.05,49.46,117.9,8,30913.43,3.77,293621.4
1664,Fast Food,Airport,154.7,1264.37,65.94,133.2,35,74014.32,1.48,299505.77
1665,Fast Food,Food Court,491.5,1263.25,6.31,84.7,20,93160.01,2.16,385828.53
1666,Italian,Airport,465.6,1341.33,68.0,88.4,15,87811.67,2.93,431812.72
1667,Chinese,Airport,149.8,635.72,77.36,46.8,7,72452.2,2.4,192512.46
1668,Fast Food,Airport,267.6,786.75,66.79,73.3,13,11227.96,1.41,223569.37
1669,Continental,Airport,469.6,357.85,31.82,101.3,8,45535.84,2.34,245136.57
1670,Continental,Standalone,149.3,259.28,30.42,112.2,21,74005.3,3.8,146404.22
1671,Continental,Standalone,52.3,1462.31,28.17,14.4,8,29145.63,2.33,261006.03
1672,Continental,High Street,104.8,1149.02,49.06,81.0,30,65700.09,1.1,273607.85
1673,Chinese,Mall,237.8,215.24,82.28,136.2,20,10461.99,3.02,152967.19
1674,North Indian,Airport,235.6,182.68,49.92,133.0,13,18988.2,2.08,139971.55
1675,Italian,Food Court,127.7,1327.18,67.5,37.7,13,79732.45,1.58,296259.13
1676,Italian,Airport,59.5,999.35,73.5,48.2,4,34819.9,1.67,211814.33
1677,North Indian,High Street,347.4,1205.21,47.9,78.8,40,23842.37,4.0,331082.33
1678,Italian,Mall,364.8,723.52,68.06,131.1,18,68737.64,1.9,292365.73
1679,North Indian,Standalone,97.8,749.38,35.74,110.6,11,86694.35,1.05,204690.07
1680,North Indian,High Street,74.6,491.89,48.21,100.5,24,6640.86,2.52,129172.3
1681,Continental,Mall,292.0,829.74,45.2,45.5,36,39372.04,1.09,247141.01
1682,Italian,High Street,191.2,1300.16,80.36,105.7,11,87476.25,2.63,330200.79
1683,South Indian,Standalone,151.6,248.34,27.7,52.8,38,61835.34,1.99,133158.18
1684,South Indian,Airport,413.8,692.45,36.34,81.4,19,10879.58,1.22,242795.71
1685,South Indian,Airport,100.0,361.84,97.65,37.3,21,13022.26,2.69,125730.08
1686,Fast Food,Standalone,234.1,929.04,12.1,81.0,5,10812.26,2.49,234071.11
1687,Chinese,High Street,433.8,323.05,79.0,19.4,28,59637.66,1.87,245882.82
1688,North Indian,Airport,299.1,1312.09,61.99,62.6,34,49247.06,3.74,339880.19
1689,Chinese,Airport,81.9,1031.01,51.32,64.9,24,62621.5,1.19,239717.18
1690,Italian,Food Court,141.7,318.34,59.52,42.8,29,24275.09,4.25,137684.01
1691,Chinese,Mall,401.0,750.0,45.23,41.1,19,63298.86,2.78,292204.93
1692,Fast Food,Mall,62.3,1295.62,66.66,122.3,13,49247.06,1.15,259880.75
1693,Fast Food,Airport,440.9,963.39,46.25,31.3,19,63257.94,4.95,337340.01
1694,Fast Food,Airport,190.1,1476.48,8.84,48.7,15,78007.39,4.51,340953.37
1695,Continental,Standalone,419.3,1303.9,97.39,149.9,39,79628.24,1.76,409036.76
1696,Continental,Airport,280.8,694.89,58.86,12.0,21,15794.15,1.9,204101.15
1697,Fast Food,Airport,439.5,223.96,47.3,112.8,21,51423.55,3.61,225464.62
1698,Italian,Standalone,287.4,1172.52,65.98,45.9,18,5267.32,1.68,311388.55
1699,Italian,Airport,114.4,1046.54,2.26,129.0,10,3881.2,4.93,215070.16
1700,South Indian,Standalone,412.5,1361.66,86.28,114.6,12,22258.48,1.41,362512.49
1701,Chinese,Mall,498.9,936.23,8.58,107.4,33,80908.63,1.9,361602.35
1702,North Indian,Airport,476.1,460.1,87.78,93.5,3,38925.98,2.93,268021.32
1703,Continental,Standalone,430.2,177.07,17.74,19.7,25,28200.83,1.97,193443.22
1704,Continental,Food Court,472.5,1393.92,83.9,12.7,16,49247.06,1.01,379367.48
1705,Italian,Mall,433.3,801.79,60.65,20.7,3,15264.15,2.96,286669.13
1706,Italian,Airport,137.7,882.44,94.9,141.1,39,43931.63,2.34,247772.26
1707,Fast Food,High Street,244.4,1040.12,22.27,120.6,22,56776.11,3.52,285034.65
1708,South Indian,High Street,234.8,812.44,96.58,130.7,17,37734.85,1.73,254190.18
1709,Chinese,Airport,354.0,336.68,89.33,40.7,12,40031.09,2.15,214941.46
1710,South Indian,Airport,82.5,620.61,55.25,105.5,11,72136.66,4.61,194512.77
1711,Continental,Airport,106.1,1066.52,66.78,106.8,39,22255.37,4.45,236345.55
1712,Continental,Standalone,283.2,996.99,50.95,81.0,10,49247.06,1.53,290229.5
1713,Fast Food,Food Court,267.6,997.62,25.86,48.9,8,6666.56,2.66,249898.7
1714,Fast Food,Standalone,331.8,1135.4,89.88,11.7,4,16139.59,1.14,301203.69
1715,Chinese,Standalone,408.6,1490.32,59.55,17.4,30,91138.33,4.48,422769.33
1716,Italian,High Street,442.2,479.49,16.82,84.7,37,31803.12,4.53,248750.16
1717,Fast Food,Standalone,164.3,668.33,43.58,98.7,31,58638.4,1.49,215903.89
1718,Fast Food,High Street,258.8,735.18,19.04,31.6,21,19311.02,1.6,212207.71
1719,Continental,Standalone,353.3,1105.17,60.72,41.0,4,64174.33,4.3,311361.62
1720,North Indian,Standalone,139.7,844.51,38.29,83.7,29,37649.02,4.81,217293.34
1721,Continental,Airport,98.6,1088.8,83.18,28.7,12,40027.7,4.36,245572.76
1722,Chinese,Airport,400.7,576.61,20.53,44.8,6,26373.42,2.96,245297.1
1723,Fast Food,High Street,260.7,856.44,18.0,143.2,38,85698.82,1.72,286484.05
1724,South Indian,Standalone,106.9,676.94,11.98,116.2,21,60792.01,2.14,182445.01
1725,North Indian,Airport,105.8,1271.54,86.68,16.9,35,29530.62,2.96,300452.75
1726,Fast Food,Standalone,343.2,823.8,98.72,98.7,21,3507.13,4.61,274620.9
1727,South Indian,Food Court,444.5,846.78,75.42,64.9,37,38781.65,2.04,330790.12
1728,Fast Food,High Street,304.7,888.54,26.53,81.0,31,16870.1,2.08,256484.17
1729,Fast Food,Mall,476.0,807.11,95.41,49.1,25,33290.08,2.26,323055.61
1730,Continental,Food Court,474.2,837.0,31.95,107.2,12,71536.06,2.34,340029.43
1731,Italian,Airport,276.1,1463.05,76.49,11.7,37,54344.52,1.5,373940.22
1732,Fast Food,Standalone,159.0,507.28,24.48,49.8,25,46457.46,4.94,180798.19
1733,North Indian,Airport,232.1,206.22,77.06,148.9,32,78521.59,2.04,188648.52
1734,Fast Food,Mall,135.2,668.09,97.74,88.2,11,82664.98,3.9,218341.27
1735,Chinese,High Street,192.3,1201.66,48.03,91.6,6,80507.22,3.56,299880.47
1736,South Indian,Airport,173.4,908.0,5.4,21.2,38,8917.05,4.03,216827.09
1737,Chinese,Mall,228.5,981.23,93.21,59.5,26,6306.9,2.21,263657.05
1738,Continental,Standalone,372.8,811.1,10.45,129.6,12,33750.56,3.73,273807.71
1739,North Indian,Food Court,378.5,739.76,30.07,121.0,16,95259.67,2.16,310458.16
1740,Italian,Food Court,327.6,1092.76,32.35,45.6,26,90344.37,2.88,349043.96
1741,North Indian,High Street,155.7,965.29,27.8,125.7,34,81997.98,1.95,251812.73
1742,Italian,Food Court,265.8,512.26,10.67,117.9,14,49247.06,2.57,196148.28
1743,Continental,Mall,169.3,974.73,57.4,46.4,37,66626.3,2.18,258385.9
1744,Chinese,Airport,78.4,507.87,40.08,139.4,37,88572.08,2.06,180979.47
1745,Fast Food,Mall,86.4,630.32,12.76,47.8,14,37888.24,1.37,149908.68
1746,Continental,Standalone,201.9,1330.05,45.83,140.4,30,21433.99,2.96,323893.18
1747,North Indian,Airport,267.6,1106.88,15.41,48.4,25,18340.95,4.48,282204.36
1748,North Indian,Mall,329.7,516.37,62.31,126.8,29,33318.32,1.15,228032.82
1749,Continental,Mall,102.1,961.47,15.53,76.3,23,44070.64,1.85,202981.38
1750,North Indian,High Street,344.4,1264.09,12.62,79.1,30,98550.23,1.04,346617.09
1751,Italian,Food Court,83.7,471.42,54.39,22.3,10,79399.53,2.17,157249.17
1752,Chinese,Mall,419.8,972.19,19.35,44.2,7,27559.59,4.16,281675.39
1753,Italian,Standalone,135.0,1261.41,35.3,137.2,24,70346.32,2.83,306430.11
1754,Fast Food,Standalone,84.5,1365.42,78.33,114.0,11,36970.27,1.61,280132.74
1755,Continental,Airport,243.3,578.34,30.77,109.7,13,11408.63,3.96,224851.87
1756,South Indian,Standalone,75.1,587.37,43.58,84.2,33,51699.86,1.92,183315.8
1757,Italian,Food Court,346.1,1296.21,5.19,112.6,17,28153.51,2.73,331361.96
1758,Fast Food,Mall,390.4,741.45,25.0,91.7,31,45020.66,2.19,275976.15
1759,Chinese,Food Court,251.2,282.11,36.44,101.6,14,49247.06,3.13,174941.18
1760,Italian,Airport,435.6,1334.91,22.0,89.8,9,35563.33,3.91,398109.43
1761,North Indian,Airport,147.5,1141.21,64.72,87.9,12,13574.42,4.54,239639.82
1762,South Indian,Mall,207.4,765.73,58.72,81.9,32,69861.02,2.96,225270.92
1763,Fast Food,High Street,419.2,740.42,80.04,38.9,10,33931.26,3.43,277419.31
1764,Continental,Standalone,429.7,666.68,16.46,108.6,16,44741.15,1.68,279115.9
1765,Continental,Standalone,325.5,1341.02,60.13,34.3,39,61763.81,1.89,364552.14
1766,Chinese,Standalone,65.7,464.02,28.15,23.3,21,9799.47,4.78,121549.71
1767,North Indian,Airport,253.2,305.79,53.96,77.3,25,60652.55,2.96,173031.01
1768,Italian,High Street,276.7,1061.97,62.3,10.8,11,56792.05,4.8,269443.07
1769,South Indian,Standalone,483.7,610.55,36.46,134.3,12,39558.21,3.63,296706.96
1770,North Indian,High Street,54.4,1082.99,19.2,87.9,16,78266.29,4.43,235754.02
1771,Fast Food,Mall,261.0,1170.92,57.89,72.5,37,35656.58,3.27,282148.56
1772,Fast Food,High Street,419.7,1292.05,57.94,55.4,27,49247.06,1.6,373881.34
1773,North Indian,High Street,325.9,1092.53,30.37,115.9,34,98352.37,4.68,359492.57
1774,North Indian,High Street,124.1,653.38,14.55,15.6,27,70059.88,3.24,186840.3
1775,Italian,Standalone,165.5,1228.58,83.18,112.8,4,65343.27,3.1,295406.19
1776,South Indian,Mall,381.2,771.16,88.17,90.5,21,3519.5,2.58,267331.93
1777,North Indian,High Street,211.9,912.54,39.72,108.3,36,55181.02,1.65,254913.25
1778,Italian,Standalone,267.6,792.63,97.68,37.2,36,42510.28,2.41,244053.65
1779,Italian,Airport,314.8,1434.45,18.37,59.9,12,37455.1,4.92,342039.8
1780,South Indian,Airport,189.0,332.92,82.69,42.5,9,28492.98,2.72,153007.68
1781,Fast Food,Standalone,449.2,1234.06,49.92,54.2,18,95619.99,1.08,393600.51
1782,Italian,Food Court,208.2,673.29,90.64,74.7,30,89887.9,3.71,250924.89
1783,North Indian,Standalone,229.6,1361.71,66.72,64.6,16,65510.9,1.97,320611.06
1784,Continental,Food Court,258.8,829.11,70.55,79.4,19,26920.99,3.62,247571.28
1785,Italian,Mall,401.9,830.28,28.2,51.4,36,22269.4,3.51,256434.34
1786,Continental,Mall,86.9,995.23,41.63,31.9,30,29190.36,4.6,220030.88
1787,Continental,Airport,144.5,417.34,70.53,97.7,14,79442.75,2.07,188007.49
1788,North Indian,Mall,415.2,668.62,50.46,143.7,18,71232.67,3.04,277093.78
1789,North Indian,Food Court,284.4,802.58,19.35,141.3,34,43582.82,2.22,253693.77
1790,North Indian,Standalone,430.2,512.14,65.26,93.5,33,1345.53,1.12,242626.91
1791,North Indian,Airport,267.6,1371.7,57.77,81.0,10,54580.65,2.25,354036.8
1792,South Indian,Airport,69.5,648.13,50.33,12.7,12,61918.38,3.62,167182.79
1793,Fast Food,Airport,365.6,334.59,90.61,40.1,14,81042.74,2.32,224235.81
1794,North Indian,Standalone,438.4,1487.51,41.76,66.0,21,74883.53,4.63,385358.48
1795,Fast Food,Airport,223.3,1141.05,49.92,46.8,14,28168.18,2.92,277116.6
1796,Fast Food,Airport,318.9,782.91,73.96,42.6,15,30583.15,4.65,277361.02
1797,Chinese,Food Court,242.9,884.65,39.27,18.0,16,59016.67,1.28,254379.27
1798,Fast Food,Standalone,375.2,961.87,47.06,18.2,23,49247.06,1.13,300495.39
1799,North Indian,Standalone,222.3,1297.73,49.92,22.6,27,49763.82,1.28,310900.65
1800,Fast Food,Airport,74.2,244.23,42.71,91.1,34,32213.21,1.77,104657.99
1801,South Indian,Food Court,61.1,1398.07,48.96,99.2,19,25417.91,4.88,263988.16
1802,Chinese,Airport,129.1,784.47,61.16,92.1,18,10272.34,4.06,202804.9
1803,Fast Food,Mall,403.9,382.03,72.22,71.2,37,75861.55,3.96,257274.24
1804,Fast Food,Airport,457.0,785.0,73.16,101.8,9,49928.34,2.5,312073.54
1805,Continental,Mall,77.4,835.75,14.19,125.0,10,9669.84,2.74,170358.32
1806,Italian,Food Court,440.8,183.94,48.18,62.6,26,51102.91,2.62,225650.57
1807,Italian,Standalone,97.8,1322.44,73.76,93.3,22,37764.14,3.21,290709.84
1808,North Indian,Food Court,281.9,928.79,43.48,50.2,30,16900.13,4.8,258250.52
1809,North Indian,Standalone,326.2,1244.62,65.94,22.0,38,21455.42,2.71,336510.03
1810,Chinese,Standalone,403.3,472.95,41.74,115.0,15,80890.93,4.05,259875.49
1811,Continental,Standalone,365.9,240.02,49.92,21.1,14,65906.22,4.49,196431.15
1812,Italian,Mall,305.8,1458.11,44.82,29.2,5,58407.19,3.73,347859.55
1813,Italian,High Street,298.7,857.83,56.28,74.2,14,49260.97,4.39,256748.47
1814,North Indian,Mall,147.0,1451.47,72.17,52.1,25,13639.0,1.61,302024.92
1815,North Indian,Food Court,126.4,405.81,1.05,110.9,10,81797.93,3.0,150249.0
1816,Italian,Mall,370.0,295.9,53.63,105.4,16,11468.98,2.73,180213.41
1817,North Indian,Mall,328.1,230.9,97.74,28.3,8,7820.57,2.13,153269.78
1818,North Indian,Food Court,77.8,430.49,69.92,53.8,12,62990.86,3.69,148570.3
1819,Italian,Mall,370.0,1456.95,76.82,15.5,19,52595.09,1.65,378371.62
1820,South Indian,High Street,124.2,1440.47,66.57,127.9,11,24232.02,1.65,293941.08
1821,South Indian,Food Court,473.5,778.03,26.26,142.2,34,72608.08,3.6,318485.48
1822,South Indian,Food Court,492.8,753.74,41.47,72.1,6,13551.06,1.47,276687.25
1823,North Indian,Standalone,201.0,731.83,98.71,116.1,16,16402.17,3.58,225124.51
1824,Chinese,Standalone,191.8,626.13,0.78,90.2,5,21317.85,4.99,177952.9
1825,Italian,Food Court,492.8,864.68,52.65,124.5,12,84705.82,2.6,355837.18
1826,Chinese,Airport,235.9,531.9,36.99,81.0,6,21817.5,4.3,180337.54
1827,Fast Food,Airport,109.4,1167.59,69.38,67.0,18,84330.27,2.03,280818.96
1828,Continental,Food Court,263.3,1008.52,19.97,80.4,24,20918.23,3.31,282456.41
1829,North Indian,Standalone,178.6,1274.81,39.93,147.3,4,63857.27,2.07,312794.29
1830,South Indian,Standalone,290.0,716.92,96.93,38.3,12,10031.45,4.34,230982.75
1831,North Indian,Standalone,102.4,1313.54,46.74,102.4,39,54870.13,4.61,297491.33
1832,North Indian,Airport,248.5,1156.08,47.21,69.7,33,7080.35,3.43,280160.82
1833,South Indian,Airport,341.7,754.13,99.46,27.8,11,91604.87,1.13,289208.82
1834,Fast Food,Airport,179.7,1354.52,83.41,50.1,20,25337.86,3.42,298848.8
1835,Continental,Standalone,343.8,1057.64,77.01,16.7,6,88720.43,4.65,331480.31
1836,Fast Food,Mall,281.3,200.7,74.57,138.5,19,77485.58,1.77,192032.48
1837,Continental,Standalone,408.4,800.15,39.57,106.9,27,17008.15,2.96,273188.73
1838,Italian,Food Court,195.7,1382.01,79.47,13.3,8,1148.18,4.96,284684.35
1839,North Indian,Airport,383.4,274.18,50.52,66.9,7,19658.66,3.41,178438.26
1840,Italian,Standalone,353.1,835.75,14.09,110.6,39,12234.58,3.44,253129.52
1841,Continental,High Street,416.2,835.75,14.05,81.0,12,75905.54,1.38,290950.69
1842,Chinese,Food Court,241.2,214.58,34.8,81.0,6,85817.84,4.79,174665.6
1843,South Indian,Airport,403.3,1193.39,27.88,52.0,25,75083.04,2.83,347751.56
1844,Italian,Food Court,76.0,1340.57,15.67,101.5,22,9011.41,2.61,257873.37
1845,South Indian,Standalone,188.4,973.56,15.3,35.2,12,87310.26,4.83,265899.38
1846,Continental,Food Court,270.2,224.72,97.65,138.2,33,43498.92,4.11,173567.53
1847,North Indian,Mall,405.5,735.75,18.89,135.0,28,1148.18,3.05,268550.19
1848,Chinese,Airport,451.0,534.2,4.38,141.4,26,29794.93,4.4,267817.97
1849,Italian,Food Court,193.1,1159.26,26.86,18.5,9,87477.14,3.9,278936.12
1850,Fast Food,Mall,498.0,1286.46,82.81,132.6,30,9646.01,2.13,395784.78
1851,Continental,Mall,267.6,1145.04,27.04,91.7,19,6964.83,4.29,274755.69
1852,Fast Food,Standalone,89.7,1257.63,69.91,122.5,36,71484.29,3.45,294756.11
1853,North Indian,Food Court,135.6,1137.67,89.79,21.0,25,22756.2,4.81,243191.09
1854,Chinese,Airport,352.7,552.35,33.7,80.5,21,12467.15,2.18,200842.09
1855,North Indian,Mall,275.9,749.21,54.32,81.0,25,13741.55,3.5,229898.19
1856,Chinese,Mall,75.8,350.65,61.63,89.1,30,63390.32,3.26,141671.69
1857,South Indian,Food Court,408.3,758.45,7.97,81.5,38,82387.74,4.97,301135.65
1858,North Indian,Mall,296.0,227.08,23.89,121.9,7,57809.49,4.31,170789.49
1859,Fast Food,High Street,291.8,1014.26,89.41,105.8,11,4596.23,3.54,275019.32
1860,Fast Food,Standalone,281.6,835.75,49.92,12.8,15,73910.29,4.16,273373.88
1861,Fast Food,High Street,267.6,452.15,14.31,131.5,9,40167.14,3.67,193391.98
1862,South Indian,Standalone,254.5,942.11,50.23,107.3,26,7801.87,3.3,257453.78
1863,Continental,Food Court,385.9,289.74,1.74,27.9,19,1148.18,2.72,169240.82
1864,South Indian,Airport,64.6,321.24,46.09,26.6,32,56782.14,2.65,126940.33
1865,Italian,Food Court,491.6,741.99,60.03,122.4,21,62729.3,2.96,306530.85
1866,Fast Food,Standalone,113.9,1254.1,51.51,20.5,35,43333.39,1.83,275100.34
1867,North Indian,High Street,282.5,1349.08,28.49,24.1,21,73452.02,1.47,352543.24
1868,Continental,Mall,114.3,355.59,61.52,108.2,18,55731.2,4.25,154045.88
1869,Italian,Airport,74.5,857.61,51.07,19.8,21,1726.1,3.86,175848.58
1870,North Indian,Mall,199.4,364.55,66.17,106.1,16,74298.53,3.39,181894.64
1871,Fast Food,Mall,191.8,1254.44,76.56,83.8,36,83279.67,4.32,344463.76
1872,South Indian,Airport,178.1,1284.81,2.42,113.3,20,49488.56,3.93,281156.12
1873,North Indian,Food Court,412.5,543.41,33.68,73.6,12,20542.33,2.45,228284.4
1874,South Indian,Airport,489.2,835.75,38.77,19.4,25,51357.74,3.33,314442.21
1875,South Indian,Mall,162.0,769.61,11.66,121.9,5,62041.44,2.2,227129.94
1876,North Indian,Airport,89.1,721.57,98.09,53.6,5,34960.17,1.71,184918.13
1877,Italian,High Street,474.7,1244.09,41.63,48.5,38,2958.28,3.59,345774.55
1878,Continental,Food Court,203.8,266.67,80.14,142.2,22,67987.48,3.41,175487.32
1879,Fast Food,Food Court,300.8,781.46,31.0,135.9,27,55436.17,4.42,264581.69
1880,Italian,High Street,306.2,971.59,60.01,25.6,31,70508.16,1.28,288996.9
1881,Italian,Food Court,385.8,630.3,86.78,32.2,37,26252.76,3.63,271660.61
1882,Fast Food,Mall,61.2,1479.68,57.3,137.6,21,1148.18,1.82,257090.61
1883,South Indian,High Street,424.6,607.97,24.16,37.6,4,19554.84,3.87,262572.44
1884,Italian,Mall,246.1,1421.91,6.64,146.6,25,35887.83,3.11,346010.2
1885,Chinese,Mall,295.5,1247.03,96.89,92.0,15,14135.91,1.74,330118.86
1886,Continental,Mall,53.1,738.93,27.47,100.4,32,7124.07,2.78,156530.1
1887,North Indian,High Street,267.6,1399.14,52.06,81.0,19,99448.35,2.89,367247.38
1888,Italian,Food Court,389.2,1026.88,2.55,97.6,31,80144.33,2.96,318042.15
1889,South Indian,Standalone,469.6,1017.74,49.92,44.5,30,55727.76,2.41,340024.91
1890,Continental,Airport,169.5,945.36,8.96,88.4,5,27282.84,3.11,229918.02
1891,Chinese,Mall,209.8,1055.67,84.64,116.3,23,34638.47,4.18,292937.46
1892,Chinese,Airport,373.6,1496.74,97.86,97.6,21,59493.02,3.46,390667.41
1893,Continental,Food Court,461.2,331.56,49.56,123.4,26,98841.68,2.96,267610.35
1894,North Indian,Food Court,494.8,1246.44,0.81,112.8,24,62046.8,2.97,387801.38
1895,Fast Food,High Street,183.1,1139.15,97.89,13.7,25,80093.77,3.07,282023.21
1896,Chinese,Mall,171.0,1479.69,35.16,124.5,4,50542.09,3.06,333713.3
1897,Italian,Airport,53.2,835.75,89.75,89.1,16,57713.05,4.09,202808.75
1898,Fast Food,Airport,159.9,521.57,80.93,67.6,15,25681.92,2.59,169794.97
1899,North Indian,Standalone,428.0,1448.52,76.3,66.6,20,61526.92,1.67,399880.75
1900,Chinese,High Street,193.1,1465.31,47.56,63.2,33,49247.06,4.91,324128.9
1901,Continental,Airport,145.5,506.42,8.32,130.0,5,65115.25,2.75,173534.38
1902,Fast Food,Food Court,182.2,1392.85,6.32,113.5,33,49247.06,1.01,309075.76
1903,Chinese,High Street,149.1,1330.46,30.24,55.3,11,59261.58,1.71,286773.13
1904,Chinese,Airport,359.8,1382.26,49.21,85.3,21,87819.08,1.02,376242.08
1905,Chinese,Food Court,151.8,677.52,51.55,48.2,11,20129.93,4.39,186532.08
1906,Fast Food,Airport,71.2,1410.83,35.4,78.8,34,12760.23,1.9,281636.92
1907,Chinese,Airport,234.9,880.63,35.12,19.7,37,61625.28,4.29,261990.56
1908,Chinese,High Street,358.9,1274.83,34.15,39.8,21,9666.48,2.32,336500.93
1909,Continental,Airport,164.1,1153.45,93.91,73.0,21,29314.05,2.86,260040.41
1910,North Indian,Food Court,189.2,1086.07,49.92,108.0,23,13930.59,1.77,258045.36
1911,North Indian,Standalone,202.7,889.0,58.46,97.5,29,23950.77,1.62,228633.19
1912,Continental,High Street,267.6,1411.26,54.21,111.0,21,58992.32,3.33,330372.94
1913,Fast Food,Standalone,150.8,1499.1,6.13,111.4,37,41756.26,2.09,305085.43
1914,North Indian,Mall,314.7,731.17,50.83,132.1,21,49247.06,1.7,272347.32
1915,South Indian,Food Court,206.1,478.76,83.29,48.5,21,89111.67,2.45,217627.66
1916,Italian,Food Court,235.6,1086.73,16.93,109.1,12,3236.85,4.65,264732.35
1917,Continental,Airport,53.3,190.22,2.95,26.8,10,93840.6,4.2,97888.06
1918,Continental,Food Court,462.9,295.52,70.62,103.9,3,84489.01,4.58,257731.32
1919,Continental,Airport,137.6,1109.71,13.47,55.8,40,60067.79,4.57,268211.07
1920,Fast Food,High Street,286.3,1288.46,46.03,77.0,18,67069.58,4.04,344477.42
1921,Continental,High Street,167.3,941.38,65.79,46.7,4,8524.97,1.5,199878.54
1922,North Indian,Airport,368.2,518.27,93.25,111.7,39,49093.17,3.61,252590.1
1923,South Indian,Mall,324.8,921.77,14.84,48.3,5,98686.17,2.76,298802.72
1924,Chinese,High Street,244.5,185.31,94.21,92.5,39,7774.54,3.93,153735.67
1925,South Indian,Airport,321.1,1063.24,73.7,16.5,23,45114.6,1.12,272245.75
1926,Chinese,Standalone,165.1,982.79,49.92,62.7,20,61083.87,4.05,255517.77
1927,Continental,Mall,123.1,943.99,99.67,63.8,12,96368.33,2.31,262203.85
1928,North Indian,Airport,57.2,989.58,70.68,54.5,12,1148.18,1.51,198232.53
1929,Italian,Standalone,341.0,1156.6,89.7,116.0,30,5626.99,1.1,327279.17
1930,North Indian,Food Court,355.2,1349.82,50.61,35.3,3,54531.77,1.37,359885.09
1931,Continental,Mall,112.6,354.47,25.96,12.4,28,39505.68,4.94,125688.78
1932,Italian,Food Court,130.8,452.1,52.31,61.7,13,44827.71,1.14,139702.61
1933,North Indian,Airport,297.4,1298.19,37.52,34.8,21,46830.69,1.55,321405.68
1934,South Indian,Standalone,472.5,662.03,94.26,107.5,9,43264.78,3.31,313849.24
1935,Fast Food,Airport,456.2,495.43,79.33,117.5,13,81235.5,2.07,304194.34
1936,Continental,Airport,324.7,586.31,53.01,149.9,19,77350.68,3.95,270864.92
1937,Italian,Mall,162.3,1041.45,53.15,128.7,20,86809.81,1.47,284003.84
1938,Chinese,High Street,264.4,208.64,0.86,61.0,4,17114.16,2.34,133439.91
1939,Italian,Food Court,294.4,1084.89,71.72,15.4,36,24473.45,1.22,284155.22
1940,South Indian,Airport,203.7,975.33,9.26,17.3,14,28519.57,4.12,236019.09
1941,North Indian,Airport,255.6,1122.14,34.8,63.4,35,84320.64,4.86,335524.23
1942,Chinese,Food Court,361.1,441.77,56.78,36.4,21,54683.65,1.7,217783.21
1943,Fast Food,Mall,360.7,1036.7,31.44,144.4,21,87392.37,1.0,360138.25
1944,North Indian,High Street,424.9,1349.52,33.86,126.7,34,20066.41,4.35,371218.82
1945,Italian,Airport,406.4,749.88,65.03,42.7,25,87199.24,3.26,326736.28
1946,Chinese,Standalone,405.1,685.58,94.09,109.0,10,21999.72,3.37,258754.6
1947,Italian,Airport,458.8,545.2,49.92,124.0,24,81457.87,3.82,302906.55
1948,Chinese,High Street,167.8,397.6,98.16,18.8,37,27885.05,4.57,159847.54
1949,Italian,Food Court,308.0,433.74,18.6,14.8,29,55991.17,2.18,191799.77
1950,Fast Food,Mall,159.9,727.14,63.27,73.6,38,26861.8,1.6,204903.43
1951,Fast Food,High Street,59.0,835.75,53.03,75.5,19,49247.06,3.81,204569.27
1952,South Indian,Food Court,131.2,217.32,22.49,31.2,33,9134.92,1.92,93435.34
1953,South Indian,Standalone,169.3,1444.8,59.16,135.5,37,33455.78,4.46,307170.11
1954,North Indian,High Street,108.7,1438.47,68.66,56.5,14,92534.28,4.39,324969.59
1955,Italian,Food Court,286.2,794.02,71.97,72.2,24,85153.08,4.57,283051.5
1956,Continental,Mall,385.6,1103.09,15.45,76.8,35,71648.69,3.35,352344.95
1957,South Indian,Standalone,131.7,722.31,64.76,117.5,26,30724.23,3.47,209554.25
1958,Chinese,Standalone,53.6,748.92,94.22,47.7,13,90859.36,4.05,208334.96
1959,Continental,High Street,74.5,1311.34,25.62,26.1,28,10926.61,2.49,263589.18
1960,North Indian,Mall,252.6,537.2,49.92,12.6,23,56377.52,4.05,211791.69
1961,Fast Food,Standalone,497.5,1202.3,88.02,120.8,22,15031.16,3.71,375456.96
1962,South Indian,Mall,254.0,602.69,46.11,134.1,4,27188.42,2.36,195711.64
1963,Continental,Standalone,250.4,823.98,33.31,62.3,11,95488.3,4.44,267652.38
1964,Chinese,Standalone,372.5,1475.57,1.68,35.3,37,4963.09,4.53,353209.03
1965,Fast Food,Airport,335.7,728.7,5.99,101.3,21,54917.65,3.43,271294.18
1966,South Indian,Food Court,194.7,721.78,86.07,114.5,5,67037.59,1.85,238324.94
1967,North Indian,Food Court,154.1,382.67,99.45,39.0,27,56355.16,3.26,162158.55
1968,Italian,Airport,197.7,1183.63,80.3,41.7,5,70504.45,2.8,301106.18
1969,Continental,Food Court,161.3,1081.26,82.22,143.6,6,69424.7,2.96,290500.78
1970,North Indian,Food Court,107.5,1429.62,25.23,107.9,31,95376.94,4.77,342782.92
1971,North Indian,Standalone,262.5,863.11,3.79,69.4,20,91987.67,2.89,280065.79
1972,North Indian,Mall,439.8,174.8,49.87,17.3,17,75152.16,2.14,223632.97
1973,Fast Food,Mall,205.4,1137.15,67.7,51.3,21,30056.39,1.54,274804.99
1974,North Indian,Airport,248.3,513.71,11.05,47.3,11,74827.54,2.23,206293.59
1975,South Indian,Standalone,93.6,920.84,62.26,89.2,23,53960.47,4.5,239615.72
1976,Continental,High Street,434.8,579.55,6.02,81.5,19,2873.97,2.33,222117.51
1977,Chinese,High Street,470.5,1307.21,39.53,32.6,14,48858.61,3.84,379285.31
1978,North Indian,Standalone,61.5,1127.39,85.92,143.6,22,35308.12,1.41,237769.39
1979,Continental,Standalone,332.1,1095.61,28.46,51.5,20,33259.61,1.81,305462.21
1980,Fast Food,Standalone,251.8,289.56,3.06,127.0,39,86243.81,2.32,200734.43
1981,North Indian,Mall,288.2,238.96,86.58,112.0,36,8893.52,3.48,167779.76
1982,Italian,Airport,390.4,820.14,62.0,35.9,8,91322.62,3.03,275743.65
1983,Italian,Airport,261.9,152.16,71.11,78.6,27,1148.18,2.01,132643.54
1984,Fast Food,Mall,365.5,609.93,8.14,57.0,36,1152.1,2.96,232077.26
1985,Chinese,Airport,175.2,292.99,50.64,118.3,36,64157.0,3.42,169307.41
1986,Continental,High Street,227.0,1142.05,26.88,122.2,34,81395.48,4.46,319386.67
1987,Italian,Airport,494.5,1240.17,90.42,88.2,30,51833.08,4.13,397928.7
1988,North Indian,High Street,158.1,246.09,57.98,26.9,23,41016.43,1.72,121773.93
1989,Fast Food,Airport,438.6,546.62,2.31,52.9,10,9728.14,1.51,234294.28
1990,North Indian,Airport,288.5,599.49,96.9,128.5,4,68349.66,4.92,244279.81
1991,Italian,Airport,468.5,1273.87,30.0,89.2,8,56394.61,4.16,423174.88
1992,North Indian,High Street,281.3,796.17,64.5,137.2,27,8818.01,4.13,254583.85
1993,South Indian,Mall,249.9,496.83,72.36,141.2,15,94638.18,2.2,227832.08
1994,Fast Food,High Street,267.6,836.28,0.73,53.9,8,55334.28,1.71,239459.06
1995,Fast Food,Airport,478.1,1180.86,3.49,96.5,30,96086.28,3.74,392281.52
1996,South Indian,Airport,334.0,1156.95,64.3,76.8,26,21091.66,4.83,317671.91
1997,Continental,Mall,224.9,1360.28,33.3,69.6,12,92383.44,4.3,361740.84
1998,Chinese,Standalone,419.1,676.62,66.55,55.7,9,31774.76,4.61,275060.01
1999,Fast Food,Food Court,196.2,1172.21,14.87,134.7,17,62463.56,1.88,283761.38
2000,North Indian,Airport,355.6,1179.3,79.83,92.6,31,76516.96,1.06,380980.24
2001,Chinese,Standalone,234.7,1132.21,26.24,26.1,7,92648.11,2.12,300935.47
2002,Italian,Standalone,432.0,556.88,74.27,85.3,18,59507.89,3.43,285087.9
2003,Italian,Standalone,228.5,1141.32,20.68,145.7,9,88601.9,1.52,299028.18
2004,North Indian,Standalone,338.7,1458.75,15.26,145.6,24,9058.8,1.65,356334.6
2005,Chinese,Food Court,72.7,639.39,94.03,149.4,14,33116.58,2.43,178327.49
2006,North Indian,High Street,336.7,577.95,66.8,49.2,39,65411.75,2.96,232638.86
2007,South Indian,Mall,75.0,1406.71,4.98,23.9,6,49247.06,4.17,292680.61
2008,Chinese,Food Court,498.0,387.31,41.27,99.5,5,19663.2,2.38,255737.16
2009,North Indian,Standalone,143.1,1219.73,75.11,108.8,19,18271.31,1.42,265178.11
2010,South Indian,Food Court,485.5,382.43,61.61,54.5,14,88959.06,1.52,259896.36
2011,Fast Food,Standalone,498.5,1307.98,25.61,47.0,29,50554.11,3.39,399085.63
2012,Italian,High Street,272.1,1474.53,81.57,125.7,21,73296.97,1.72,378053.58
2013,North Indian,Mall,329.9,282.38,97.91,61.0,23,67298.23,4.05,218180.04
2014,Continental,Airport,422.4,1334.5,8.23,145.5,37,33097.87,1.62,374467.23
2015,South Indian,Food Court,168.1,964.6,7.66,12.6,29,97054.23,4.34,267768.12
2016,Fast Food,Mall,56.5,1181.45,13.07,49.1,21,29997.59,3.91,242470.36
2017,Italian,Standalone,304.8,1130.51,54.95,66.2,4,74933.52,4.95,333856.73
2018,North Indian,Airport,364.7,1428.5,25.6,108.7,14,74756.62,2.61,366338.06
2019,Italian,Standalone,267.6,490.74,11.45,51.9,38,49990.8,2.83,209884.02
2020,Chinese,Airport,287.6,288.0,11.48,26.0,39,30640.84,1.15,173230.24
2021,North Indian,High Street,186.9,854.87,78.03,15.1,4,2406.7,4.5,245638.69
2022,Fast Food,Airport,267.6,1113.77,49.92,55.9,26,76759.51,4.35,301847.96
2023,Continental,Food Court,101.6,891.73,3.03,113.2,10,50785.01,4.42,215418.12
2024,Fast Food,High Street,265.4,880.02,77.91,24.0,17,84122.62,2.64,263020.04
2025,Continental,Food Court,343.5,827.46,44.11,113.6,30,60524.08,2.58,296434.83
2026,Italian,Airport,111.7,218.65,7.01,39.1,35,37330.5,1.74,100536.38
2027,Continental,Food Court,492.0,1315.01,64.58,10.4,5,71578.77,1.96,434073.79
2028,Fast Food,Standalone,281.0,370.2,9.49,26.6,12,38372.68,2.17,164344.22
2029,Italian,Food Court,250.0,941.72,46.1,146.7,31,27132.3,2.18,250049.61
2030,Fast Food,High Street,73.7,586.15,49.92,59.8,10,17014.8,1.4,136965.37
2031,Chinese,High Street,112.7,1240.45,64.95,96.1,26,39072.91,1.54,253372.33
2032,South Indian,Standalone,493.2,1242.65,72.67,79.1,18,17953.93,3.99,389994.07
2033,Continental,High Street,224.4,1209.76,41.64,149.1,28,9105.39,1.53,263384.7
2034,Continental,Food Court,190.4,432.71,59.86,122.0,38,24095.2,2.92,173830.33
2035,Continental,Mall,329.1,1021.78,90.4,137.2,29,18097.96,3.33,279877.27
2036,Fast Food,High Street,132.1,532.05,45.5,71.7,35,52537.13,2.28,173209.3
2037,Continental,Standalone,271.4,666.35,50.56,145.8,23,28894.34,2.85,244267.56
2038,North Indian,High Street,108.1,547.71,83.98,74.9,23,69410.75,3.82,189194.73
2039,Fast Food,Food Court,443.3,169.62,27.11,81.0,21,76333.96,3.42,215590.95
2040,North Indian,Standalone,87.1,1213.36,85.03,43.1,16,72082.52,2.22,273631.93
2041,Italian,Standalone,252.5,251.52,47.05,110.1,8,53115.26,1.27,165135.38
2042,Chinese,Standalone,107.2,676.89,72.21,131.9,32,59569.35,4.27,211696.02
2043,Chinese,Airport,131.9,817.11,1.92,20.1,36,16313.99,2.06,175529.78
2044,Continental,Airport,190.9,1021.55,91.42,81.0,28,13334.25,2.41,260260.76
2045,Chinese,High Street,202.4,539.07,25.26,96.7,40,95705.63,4.9,195366.33
2046,North Indian,High Street,441.3,791.65,30.44,13.8,21,23765.78,3.01,273868.5
2047,Fast Food,Standalone,357.7,852.25,57.91,128.7,17,58589.23,3.85,296238.48
2048,Italian,Mall,193.2,505.16,41.99,63.6,25,86104.09,2.97,209431.59
2049,South Indian,Mall,307.3,709.34,83.53,72.1,4,58973.76,2.39,258012.31
2050,North Indian,Mall,482.7,950.53,38.58,48.9,36,97281.29,4.71,350735.25
2051,South Indian,Airport,357.2,416.56,91.83,15.0,35,5083.27,2.1,197093.03
2052,Italian,High Street,71.6,326.11,63.14,63.8,36,32389.6,4.25,124070.11
2053,North Indian,Mall,126.1,824.57,49.92,100.3,35,97371.29,3.97,246254.76
2054,Continental,Airport,420.1,1040.13,7.05,94.0,32,34133.46,4.45,317568.14
2055,North Indian,High Street,302.8,412.64,97.83,20.9,14,13977.7,4.65,189792.57
2056,Fast Food,High Street,168.1,1081.73,93.84,63.3,22,99448.35,4.62,311379.7
2057,Italian,Food Court,132.3,1064.09,89.38,36.6,14,97346.89,1.57,270542.26
2058,South Indian,Food Court,326.5,835.75,58.5,48.8,20,64808.71,1.6,279552.09
2059,North Indian,Airport,389.2,595.92,30.86,148.1,26,43904.33,1.66,283070.56
2060,Fast Food,Mall,314.4,901.59,78.65,129.6,36,27402.07,2.87,269992.47
2061,Fast Food,Standalone,110.3,425.1,83.1,50.9,39,32909.78,1.41,139050.09
2062,Continental,Mall,275.0,1100.75,34.3,44.4,25,23064.85,4.16,294004.16
2063,South Indian,Airport,380.2,1315.8,2.63,55.3,21,56458.41,3.83,347398.62
2064,Italian,Food Court,101.7,306.84,90.77,106.7,22,35145.48,1.7,130188.78
2065,Fast Food,Standalone,460.3,1463.5,49.92,44.4,29,82265.63,2.16,414443.35
2066,Italian,Food Court,189.8,1060.17,27.37,14.2,18,78797.03,1.61,266770.81
2067,North Indian,Mall,147.6,1386.51,63.74,40.7,15,1148.18,3.21,295039.02
2068,South Indian,Standalone,74.9,835.75,5.93,81.0,26,3919.68,1.38,173087.64
2069,Continental,High Street,442.7,235.3,25.48,82.4,7,47801.83,3.74,220731.63
2070,South Indian,Standalone,376.4,397.28,99.05,26.8,6,3866.18,1.17,190366.91
2071,Chinese,Mall,415.9,378.69,9.66,96.5,9,69894.24,3.13,224318.85
2072,South Indian,Standalone,336.7,1439.34,41.57,52.3,17,34864.45,1.95,315212.61
2073,North Indian,Standalone,451.1,970.09,54.6,34.1,8,49725.72,2.84,318672.06
2074,Fast Food,Mall,192.1,1237.82,65.88,34.5,38,8487.67,4.26,295031.92
2075,Continental,High Street,99.5,936.18,36.83,129.5,4,4472.58,3.86,206507.87
2076,North Indian,Mall,396.0,719.47,25.87,121.0,33,30967.02,4.41,273643.62
2077,Continental,High Street,160.8,179.3,33.9,15.4,3,38793.05,1.22,105959.29
2078,North Indian,Food Court,400.3,385.86,96.6,95.7,6,62676.95,4.54,242089.44
2079,Chinese,Food Court,249.8,747.98,59.86,98.8,31,12282.65,2.49,230179.14
2080,North Indian,Standalone,467.6,1231.57,5.43,41.9,6,8006.37,3.1,353896.68
2081,Fast Food,High Street,459.8,766.87,82.53,86.1,29,49247.06,2.16,298768.87
2082,South Indian,Mall,479.3,1476.23,43.71,64.2,40,81811.25,1.26,437881.37
2083,Fast Food,Standalone,496.4,732.64,49.92,81.0,27,18206.75,3.36,310441.52
2084,Continental,Food Court,307.7,430.52,98.42,72.6,35,36936.01,2.8,212316.71
2085,Italian,High Street,359.3,562.63,45.63,138.2,33,13915.48,2.4,241856.23
2086,South Indian,Food Court,63.0,1161.36,55.49,88.0,32,47661.96,2.09,277017.74
2087,Fast Food,High Street,286.4,1239.15,81.05,131.7,29,97874.79,2.68,361504.64
2088,South Indian,High Street,52.2,152.13,49.92,38.7,5,9438.62,2.21,63786.94
2089,South Indian,High Street,263.5,1458.64,76.75,58.7,40,19078.16,1.22,329355.11
2090,Continental,Food Court,113.2,1189.02,3.22,60.5,5,27930.04,1.81,239463.29
2091,North Indian,High Street,276.2,835.75,92.13,81.0,6,95152.98,2.32,294507.75
2092,North Indian,Mall,291.4,898.07,91.75,44.3,39,20022.39,3.84,274967.28
2093,North Indian,Mall,430.5,286.57,7.36,104.9,38,44378.88,3.0,214080.63
2094,South Indian,High Street,154.6,183.56,87.68,75.5,8,20622.81,4.0,120307.75
2095,North Indian,Airport,400.0,1385.06,46.18,110.8,10,45207.66,3.66,400384.81
2096,Chinese,Standalone,209.5,835.75,16.87,62.2,23,50608.35,1.13,235875.55
2097,South Indian,Mall,388.9,835.75,61.73,81.0,36,78803.5,1.4,326218.79
2098,Fast Food,Standalone,459.4,568.13,8.23,129.1,10,49391.88,2.53,267120.97
2099,Chinese,Mall,436.8,1165.67,16.73,37.8,39,98446.1,2.54,390064.92
2100,South Indian,Standalone,351.2,505.73,89.2,145.3,26,14937.95,4.12,238295.5
2101,Italian,Airport,302.6,1099.32,49.27,26.3,21,70151.98,3.58,301150.06
2102,South Indian,Mall,388.8,1057.91,50.72,90.0,33,88750.93,4.67,361052.26
2103,Italian,Mall,167.3,369.75,89.54,15.5,33,74259.32,3.87,172369.28
2104,North Indian,Airport,213.9,1427.91,42.56,128.8,28,81644.8,2.55,342868.47
2105,Fast Food,High Street,75.1,700.64,65.28,50.8,11,15892.76,1.46,160762.36
2106,South Indian,Food Court,398.1,1396.28,97.38,91.1,11,64744.21,4.37,405654.54
2107,South Indian,Standalone,81.0,1370.91,26.52,25.5,4,88940.61,1.86,270891.32
2108,South Indian,Airport,483.4,1042.84,7.17,141.9,21,99448.35,1.15,393331.22
2109,Italian,Mall,369.6,629.16,49.92,99.1,26,93807.94,1.98,288254.88
2110,North Indian,Airport,173.8,473.61,48.19,48.4,26,80492.67,3.97,185612.93
2111,South Indian,Food Court,230.5,330.28,84.76,109.4,35,14862.69,2.16,158655.11
2112,Fast Food,High Street,406.4,517.52,27.02,56.3,37,78937.61,3.66,265305.67
2113,Fast Food,Mall,180.2,699.97,28.29,95.8,27,13691.96,1.01,187056.78
2114,Italian,Standalone,166.5,1190.9,36.89,42.4,38,19251.7,1.54,263830.36
2115,Italian,High Street,144.7,1499.08,79.51,101.8,16,27789.44,4.1,315435.24
2116,South Indian,Airport,205.6,1465.37,28.8,146.8,7,57515.53,5.0,319719.47
2117,Fast Food,Standalone,472.4,627.33,7.78,107.3,8,34664.37,4.86,272980.82
2118,Italian,High Street,428.0,1466.86,73.14,81.0,31,36443.62,3.12,398153.45
2119,Chinese,High Street,276.7,463.97,72.16,145.3,34,5833.98,1.0,198897.36
2120,South Indian,Food Court,137.8,1339.9,58.1,57.0,34,19320.45,1.24,270960.68
2121,North Indian,High Street,211.4,1362.16,52.02,100.7,32,49177.41,4.61,355550.98
2122,Continental,High Street,267.6,803.2,8.71,51.6,20,84598.89,3.3,241508.92
2123,Italian,High Street,212.4,434.75,65.52,56.1,33,73712.41,2.86,211313.16
2124,Continental,Standalone,253.4,957.55,77.23,20.4,7,74860.17,3.21,280305.96
2125,Italian,Airport,188.5,244.64,40.04,66.4,14,42695.44,2.46,143540.71
2126,Fast Food,Standalone,70.8,1243.99,36.07,120.6,18,20666.1,3.18,249164.7
2127,North Indian,High Street,360.1,566.94,91.28,72.4,13,96965.97,2.82,289364.89
2128,South Indian,High Street,220.2,932.68,21.72,87.2,38,14527.61,4.7,242025.25
2129,South Indian,Food Court,151.7,155.28,12.61,147.8,24,47539.74,1.27,112216.48
2130,Chinese,Mall,289.0,1117.57,33.6,120.6,18,62957.0,3.41,333213.5
2131,South Indian,Mall,418.7,1323.31,58.81,108.4,39,42565.34,2.5,381297.23
2132,Chinese,Standalone,67.1,725.27,51.34,52.7,38,36380.21,4.53,182423.18
2133,Chinese,Airport,253.1,1331.23,50.64,34.6,25,16287.22,2.23,323725.61
2134,South Indian,Standalone,447.2,332.58,31.74,57.5,39,23691.51,2.06,212577.28
2135,Continental,Airport,270.4,156.36,6.95,46.6,34,94796.09,3.59,178293.35
2136,North Indian,Mall,484.2,360.12,70.43,81.0,26,46861.6,3.84,251768.89
2137,North Indian,Food Court,407.3,1105.47,62.73,130.5,17,79668.36,4.87,365896.66
2138,Chinese,Mall,69.4,1131.81,17.47,53.6,28,84494.95,4.49,258504.18
2139,Italian,Standalone,280.8,887.63,55.47,75.3,9,94952.14,2.96,276888.14
2140,North Indian,Mall,302.9,1230.9,80.61,70.3,15,17577.25,3.08,305698.29
2141,Chinese,High Street,267.6,1155.21,96.46,136.7,34,81708.04,4.53,366552.85
2142,North Indian,Food Court,453.1,1451.98,50.92,76.5,38,73599.44,1.37,435814.13
2143,South Indian,Standalone,457.1,628.11,44.8,74.8,8,70628.88,1.27,286844.47
2144,Fast Food,Standalone,55.8,1448.96,90.46,132.8,25,6775.73,2.98,283533.38
2145,Chinese,Mall,66.2,1123.65,56.2,42.3,30,64363.28,3.07,246802.62
2146,North Indian,Food Court,129.7,1048.87,28.76,12.7,27,96192.48,2.88,280489.8
2147,Italian,Mall,251.4,865.36,46.59,132.4,27,81502.71,2.43,277943.98
2148,South Indian,Airport,350.1,671.31,33.55,117.3,6,53630.85,4.69,264117.69
2149,North Indian,Standalone,237.3,168.1,87.18,19.6,31,6635.12,1.82,136473.92
2150,North Indian,Mall,278.1,633.79,37.82,81.0,21,5887.66,1.74,198385.41
2151,Continental,Mall,333.3,331.91,7.47,82.6,28,68024.65,2.96,218275.4
2152,South Indian,Food Court,233.6,471.88,36.78,52.9,20,7010.96,2.04,157584.09
2153,Fast Food,Food Court,136.4,311.85,88.82,21.9,4,87715.98,1.87,167514.43
2154,Italian,Food Court,431.7,202.76,25.26,148.1,37,60858.16,1.47,218549.31
2155,North Indian,Airport,319.0,992.35,16.22,73.4,38,14521.17,3.29,276313.47
2156,Chinese,Food Court,77.4,469.06,61.56,85.7,31,56197.52,5.0,149766.57
2157,Continental,Airport,381.8,899.01,0.11,63.2,23,98702.31,2.8,311708.64
2158,North Indian,Airport,291.7,610.38,7.88,134.3,14,29835.36,4.1,212209.53
2159,South Indian,Mall,272.0,623.5,87.85,21.3,25,46957.7,4.6,228213.31
2160,South Indian,Standalone,275.3,474.92,43.24,27.0,26,52742.78,4.89,206543.9
2161,Continental,Standalone,253.5,585.31,84.14,118.6,25,23291.46,4.93,229367.73
2162,Fast Food,Standalone,203.6,815.93,15.3,51.8,37,96451.52,4.65,260761.54
2163,North Indian,Mall,180.7,1040.09,74.33,149.3,18,63043.45,4.9,289099.43
2164,South Indian,Airport,128.0,788.54,11.36,125.0,32,63332.71,3.95,207783.22
2165,North Indian,Airport,446.9,739.01,71.2,103.4,24,43620.88,4.83,296312.53
2166,Chinese,Airport,84.9,835.75,58.91,88.3,23,7519.28,4.35,206568.36
2167,North Indian,High Street,316.9,935.52,89.08,22.9,13,47032.38,2.66,278565.47
2168,South Indian,Mall,373.7,802.75,49.92,44.3,21,1183.28,1.46,269472.26
2169,Fast Food,Mall,162.9,484.28,49.92,135.5,16,14000.05,4.96,164210.29
2170,Continental,High Street,71.1,906.54,49.92,16.4,18,39845.13,4.61,202594.48
2171,Italian,Standalone,177.7,292.56,49.67,21.6,10,19595.68,4.14,135944.0
2172,Continental,Standalone,138.9,1239.03,75.84,145.0,32,71041.98,2.15,317192.16
2173,Italian,Standalone,244.4,660.58,85.35,76.6,32,26477.37,2.42,222387.12
2174,North Indian,Mall,123.6,688.41,69.85,68.1,27,53671.86,2.23,195524.26
2175,Continental,High Street,53.1,521.83,18.74,17.0,10,49247.06,1.83,130184.07
2176,Continental,High Street,110.9,840.31,67.75,121.8,17,20508.14,4.89,212637.24
2177,North Indian,Food Court,485.9,384.46,93.32,53.9,8,12211.26,3.38,250045.64
2178,Fast Food,Airport,184.9,299.84,96.92,74.3,9,65784.72,1.47,165372.33
2179,Italian,Airport,329.6,547.87,1.49,59.2,10,91942.13,3.29,248910.9
2180,Continental,High Street,336.0,175.55,68.26,28.1,27,69939.71,1.95,201692.86
2181,North Indian,Food Court,180.1,322.23,25.92,17.5,24,23407.91,1.0,130778.52
2182,Chinese,Standalone,100.8,835.75,78.67,139.7,23,50185.37,3.77,226077.07
2183,Italian,Standalone,413.9,585.05,22.75,88.2,21,81058.73,2.72,263637.94
2184,Italian,Airport,267.6,171.4,47.81,95.4,23,19380.42,3.13,132859.59
2185,Chinese,Standalone,311.5,710.84,62.62,56.7,21,89389.0,4.08,280996.79
2186,North Indian,High Street,390.6,1250.73,92.61,126.1,25,85614.36,1.89,386960.98
2187,Continental,Food Court,179.3,523.89,45.87,111.2,24,7462.41,2.92,164131.48
2188,Continental,Food Court,411.5,921.7,49.92,118.4,17,44029.0,4.51,322332.28
2189,Continental,Airport,142.5,1331.17,9.39,136.6,20,36508.49,1.14,282713.98
2190,Italian,Standalone,64.3,1475.88,7.97,90.0,34,21809.21,2.24,288586.91
2191,South Indian,Airport,245.9,1499.61,41.13,42.2,38,48157.81,2.34,350475.69
2192,Italian,Standalone,87.9,1069.97,31.71,41.5,23,58216.32,4.09,231751.08
2193,South Indian,Standalone,435.7,483.73,28.49,131.8,21,27729.39,1.73,255242.24
2194,Chinese,Standalone,236.8,836.03,51.32,67.0,13,89243.25,2.16,263223.61
2195,Fast Food,High Street,163.3,1155.95,82.66,43.9,32,67429.15,1.6,293108.68
2196,Italian,Mall,136.8,1215.66,3.43,138.2,23,79205.08,1.45,280827.8
2197,North Indian,Mall,118.3,892.18,26.62,82.9,13,73267.2,3.81,224563.62
2198,Italian,Mall,304.4,1330.13,36.65,136.1,37,22001.0,4.64,342668.56
2199,Continental,Food Court,174.6,1327.42,64.77,97.0,32,13656.69,2.55,294229.77
2200,Italian,Standalone,267.6,546.4,99.14,64.5,6,82446.16,3.96,243476.82
2201,Chinese,High Street,230.8,538.42,93.07,127.4,21,18056.5,2.49,197945.53
2202,North Indian,Mall,406.1,1345.7,88.87,68.6,37,21907.93,4.94,356017.69
2203,North Indian,Mall,182.9,693.07,38.31,29.6,40,18266.6,1.53,188456.7
2204,Fast Food,Mall,118.1,551.87,15.34,38.2,21,73123.41,4.55,180319.24
2205,Fast Food,Mall,345.2,836.73,67.1,31.2,24,19673.29,3.57,265008.07
2206,South Indian,Standalone,98.4,890.85,15.81,145.9,21,70092.9,2.97,224429.52
2207,North Indian,Food Court,149.1,302.11,64.6,21.0,29,44490.0,4.77,149161.73
2208,South Indian,High Street,223.5,866.44,51.2,148.8,30,45067.63,4.21,251838.81
2209,South Indian,Food Court,258.2,239.49,58.85,94.8,14,21585.79,3.42,147152.39
2210,Continental,Mall,65.5,389.11,19.96,105.1,35,36852.01,1.14,121029.83
2211,Fast Food,Standalone,267.6,506.37,44.32,110.3,21,7016.19,1.88,184530.14
2212,North Indian,Standalone,320.0,569.9,70.64,58.4,4,25097.28,2.92,211004.88
2213,South Indian,High Street,465.9,1091.55,3.14,134.0,11,47648.18,2.33,346907.59
2214,Chinese,Mall,336.2,1281.78,6.44,57.6,7,64510.57,3.29,349009.99
2215,Chinese,Airport,217.5,1376.29,28.3,12.8,27,87758.18,2.96,335043.94
2216,Chinese,Food Court,151.6,625.22,91.03,32.5,36,15697.84,3.32,186249.03
2217,South Indian,High Street,267.6,1110.77,81.66,58.7,8,19990.41,4.27,314101.7
2218,Continental,Airport,280.8,1138.03,82.52,47.6,34,33355.36,1.72,301102.14
2219,South Indian,Airport,166.7,1460.09,61.19,85.9,23,1148.18,1.99,304120.36
2220,Fast Food,Mall,171.8,393.86,65.39,134.1,32,15624.01,1.84,154027.19
2221,Italian,Airport,77.5,1449.9,80.72,141.0,14,15382.66,2.73,276901.08
2222,Chinese,High Street,191.6,943.37,71.2,147.5,23,55819.22,3.53,262280.71
2223,North Indian,Standalone,50.3,1440.93,25.69,112.7,16,31199.86,1.76,266618.34
2224,Continental,Food Court,430.3,702.68,74.15,129.1,23,94172.81,1.76,322578.21
2225,North Indian,High Street,413.5,1348.58,64.25,66.5,19,56660.13,2.76,411753.25
2226,North Indian,High Street,204.9,1092.67,1.86,127.3,29,1408.13,4.65,248516.49
2227,South Indian,Food Court,391.7,1324.4,54.09,84.2,39,5180.1,1.69,345857.95
2228,Chinese,Standalone,112.7,1337.9,14.49,111.6,10,49247.06,2.83,280591.24
2229,Italian,Airport,141.3,710.92,41.95,76.2,9,33519.34,1.23,189161.09
2230,North Indian,Standalone,218.2,1115.43,80.27,94.3,13,50965.44,2.09,293933.68
2231,South Indian,Airport,110.0,345.18,70.02,119.0,11,29496.24,2.13,140068.87
2232,Italian,Airport,474.4,1043.85,74.59,80.2,26,82919.58,1.66,345083.87
2233,South Indian,Mall,320.6,1287.2,42.74,90.7,37,78082.57,2.51,318871.67
2234,Continental,High Street,267.4,399.28,13.47,49.3,16,33892.57,1.06,166817.69
2235,Italian,Standalone,175.5,803.01,11.16,127.9,15,13000.7,2.09,212190.28
2236,South Indian,Mall,378.6,1298.08,28.24,96.6,37,62172.66,2.13,344062.91
2237,Italian,Standalone,175.2,302.73,73.35,61.3,17,67505.48,2.92,139211.8
2238,North Indian,Mall,468.3,696.27,76.66,43.1,16,33457.77,1.32,293484.98
2239,South Indian,Standalone,202.5,1088.02,42.74,38.3,11,94264.81,3.54,295550.16
2240,South Indian,Mall,241.7,710.6,55.46,50.0,21,12605.26,3.93,206464.98
2241,Continental,Mall,473.1,570.11,10.48,54.8,22,9766.11,4.79,243453.08
2242,Continental,Standalone,310.5,174.28,78.65,120.9,20,76003.59,1.0,186395.58
2243,North Indian,Mall,402.9,1298.01,22.5,116.1,6,76808.14,1.28,375868.31
2244,Fast Food,Standalone,285.9,1246.05,95.96,111.7,37,49236.77,3.51,333177.18
2245,North Indian,Food Court,337.3,739.39,24.88,27.6,25,2403.77,4.32,241418.11
2246,Continental,Food Court,462.7,852.62,78.69,61.5,37,80624.61,4.6,307265.45
2247,Continental,Airport,328.4,580.71,66.18,81.0,21,69815.76,2.35,245072.56
2248,North Indian,Airport,331.9,370.96,51.26,142.1,27,21232.15,1.5,189538.86
2249,Italian,Food Court,387.5,882.48,18.77,91.4,20,49247.06,4.62,297147.12
2250,North Indian,Standalone,363.5,514.01,36.65,81.0,17,74399.17,3.4,245489.47
2251,Fast Food,High Street,170.3,1079.34,44.95,109.0,34,36066.97,4.79,275835.82
2252,North Indian,High Street,313.9,639.74,41.84,131.0,18,11780.72,3.84,209089.57
2253,North Indian,Standalone,138.6,1120.92,88.42,70.9,39,90311.73,2.39,294758.46
2254,North Indian,Airport,444.1,798.17,94.83,86.0,31,94997.63,3.16,350988.26
2255,Chinese,High Street,260.0,849.73,71.7,70.1,19,37275.27,1.57,275716.56
2256,North Indian,Food Court,390.9,1354.03,74.79,145.9,24,38989.48,1.23,370333.98
2257,Continental,Food Court,355.3,318.69,46.73,103.8,12,7524.8,2.45,188214.07
2258,Continental,High Street,415.9,923.12,88.49,68.5,26,67610.46,3.96,312609.89
2259,Continental,High Street,106.8,456.09,53.39,125.1,30,90320.83,4.77,169688.33
2260,Chinese,Food Court,470.2,992.66,5.63,62.8,9,17245.41,3.36,325252.39
2261,Continental,Airport,341.4,716.3,12.08,86.1,18,63895.57,3.56,264391.91
2262,Continental,Standalone,67.0,1398.72,64.0,51.9,21,38245.78,2.28,290545.89
2263,Fast Food,Standalone,348.2,775.79,24.85,81.4,24,43469.45,1.17,246662.81
2264,North Indian,High Street,93.0,1063.13,99.04,100.0,18,24962.03,2.64,244276.93
2265,Continental,Airport,85.8,1425.71,30.95,115.2,4,77547.77,4.39,329948.52
2266,Continental,Airport,267.6,1440.78,25.24,63.1,35,66860.76,2.96,362221.79
2267,South Indian,Mall,72.6,1139.38,35.62,59.0,29,73462.2,4.09,260855.81
2268,South Indian,Food Court,484.3,201.27,76.72,45.4,8,82171.02,2.33,243201.64
2269,North Indian,Airport,140.6,553.47,94.78,129.4,28,44697.56,3.03,181997.18
2270,Fast Food,Food Court,118.3,194.48,42.11,123.1,36,67658.34,2.33,140133.03
2271,Chinese,Standalone,330.6,1434.39,99.04,86.7,22,89746.32,3.64,392620.83
2272,South Indian,Food Court,250.8,1059.91,6.72,149.3,32,39840.34,2.02,287831.4
2273,South Indian,Food Court,267.6,941.97,42.71,35.0,30,2818.41,4.56,236010.43
2274,South Indian,High Street,267.6,384.08,96.07,113.5,35,18630.96,3.84,184342.02
2275,Continental,Food Court,229.2,339.68,29.82,72.3,36,16236.92,3.35,167747.6
2276,South Indian,Food Court,433.8,233.26,96.1,59.0,22,82131.23,3.42,240099.4
2277,South Indian,Food Court,346.1,664.91,63.55,70.7,29,39497.5,3.98,275149.65
2278,South Indian,Airport,208.4,572.23,21.22,37.5,20,36319.12,2.29,183510.2
2279,Chinese,Airport,73.8,366.81,96.2,141.7,26,51813.39,3.76,138666.62
2280,North Indian,Mall,343.5,545.3,30.49,108.7,26,62070.82,4.46,255226.77
2281,South Indian,Mall,202.6,1176.82,13.48,125.7,22,68619.58,3.77,293711.06
2282,Chinese,Standalone,200.1,1129.4,66.51,63.7,23,87382.37,4.0,314528.82
2283,Fast Food,High Street,84.5,1226.68,10.52,32.4,29,35466.28,2.96,245843.4
2284,North Indian,Airport,173.5,181.85,49.92,78.4,22,36457.02,1.85,118637.25
2285,South Indian,High Street,371.9,381.39,60.02,14.4,40,60119.78,4.33,232186.93
2286,North Indian,Airport,159.1,1088.6,50.23,17.9,14,77382.58,1.73,289463.11
2287,Fast Food,Standalone,382.5,546.58,24.76,81.0,19,93130.56,3.96,275580.04
2288,North Indian,Food Court,112.8,1471.54,6.16,46.7,33,29438.99,2.25,287335.89
2289,Italian,Mall,344.5,921.14,24.6,24.0,26,8763.58,3.31,277696.32
2290,Italian,Mall,83.9,1001.25,4.86,112.6,9,25708.5,1.44,207042.84
2291,Continental,Standalone,96.7,926.03,77.74,119.4,24,99448.35,4.13,261681.11
2292,North Indian,Mall,225.5,1409.06,53.49,107.4,4,39457.17,4.29,316935.75
2293,Chinese,Food Court,321.0,1124.67,51.25,38.8,30,4006.06,1.56,294082.76
2294,Continental,High Street,406.4,664.66,71.35,81.0,9,65518.18,2.96,296816.54
2295,South Indian,Food Court,377.1,905.29,21.31,82.0,24,1149.25,2.52,266127.64
2296,Continental,Airport,192.1,330.58,0.22,29.3,30,49247.06,2.62,153892.47
2297,Fast Food,Standalone,283.2,934.96,79.34,133.6,37,76353.97,3.44,307765.54
2298,Fast Food,Food Court,137.5,879.11,68.74,119.7,4,89166.6,3.0,243585.13
2299,South Indian,Standalone,220.1,449.81,61.8,105.8,21,16329.17,1.06,177493.83
2300,North Indian,High Street,445.7,597.13,22.49,24.1,27,90079.47,3.08,285098.11
2301,North Indian,Mall,82.9,372.18,62.2,84.1,10,72513.77,3.38,152207.73
2302,Chinese,Airport,331.1,872.75,64.24,96.3,38,49151.18,4.39,292002.35
2303,Chinese,Food Court,80.9,1040.82,51.44,133.9,34,36166.49,1.97,234029.29
2304,Italian,Food Court,412.7,1364.46,43.28,81.0,27,18787.65,1.92,371684.62
2305,North Indian,Airport,195.7,572.2,49.92,106.2,19,61517.53,2.0,207548.15
2306,North Indian,High Street,459.0,1289.94,64.53,76.2,15,67139.1,4.67,368215.03
2307,North Indian,Airport,267.6,1227.95,16.2,63.5,12,72300.0,1.09,304167.57
2308,South Indian,Food Court,330.0,760.32,87.72,37.2,28,80050.96,4.05,300827.56
2309,Continental,High Street,431.3,192.45,67.44,25.0,31,53802.2,3.22,214418.2
2310,Continental,Food Court,129.8,1369.46,23.23,13.1,32,82083.18,3.02,299493.88
2311,Chinese,Food Court,379.0,1197.57,76.94,136.8,21,38088.71,1.09,329848.54
2312,Continental,High Street,398.6,226.14,95.07,144.6,35,7703.22,1.98,193101.15
2313,Italian,Airport,203.8,761.9,7.91,65.8,28,92649.22,2.96,223256.71
2314,South Indian,Standalone,393.4,535.24,63.05,64.7,21,81826.76,1.45,265260.77
2315,Fast Food,High Street,175.2,511.72,6.39,18.0,15,60270.63,1.81,164832.16
2316,South Indian,Standalone,465.9,1013.7,70.54,21.7,13,26112.75,3.46,320879.39
2317,Fast Food,Standalone,131.6,1348.18,7.25,128.3,23,27281.71,3.73,282153.95
2318,Chinese,Standalone,152.0,1494.09,49.92,16.7,17,49247.06,2.62,319831.96
2319,Italian,Standalone,185.0,418.5,72.77,126.7,18,43277.99,3.59,193204.86
2320,South Indian,High Street,162.0,970.75,77.2,52.9,31,11093.17,3.14,220967.44
2321,Fast Food,Food Court,193.9,1005.63,66.12,36.5,16,92442.88,2.92,297690.29
2322,South Indian,High Street,95.3,462.27,30.26,118.5,35,81569.34,4.79,182485.57
2323,Italian,High Street,73.3,253.58,96.8,105.8,38,28757.17,2.83,115580.42
2324,Continental,Mall,180.2,1035.87,19.32,92.2,4,90629.64,2.22,275289.18
2325,Chinese,Airport,160.5,353.24,47.36,99.3,16,44918.48,1.58,146963.56
2326,Italian,Mall,269.3,710.54,29.75,95.6,23,90807.44,2.32,261033.2
2327,Fast Food,Food Court,371.7,602.71,39.82,139.0,21,20302.97,2.3,260861.31
2328,Italian,Airport,227.9,624.36,38.87,97.0,23,76677.05,2.53,232804.95
2329,Chinese,Airport,240.6,1002.1,14.69,111.4,4,1148.18,1.32,246019.84
2330,Fast Food,Mall,154.1,1191.62,54.16,93.8,8,45500.16,4.07,274362.96
2331,South Indian,Airport,207.8,312.34,22.46,65.6,27,49247.06,4.95,153090.57
2332,Chinese,Food Court,375.0,500.39,74.72,14.7,14,49247.06,3.65,237839.42
2333,Continental,Food Court,233.6,525.93,35.01,100.7,5,3203.73,4.34,186588.61
2334,Continental,Airport,451.9,415.62,31.86,52.1,31,90783.44,4.25,253028.64
2335,Fast Food,Airport,267.6,404.32,71.88,28.0,28,34842.26,3.88,183802.39
2336,Chinese,Standalone,267.6,528.71,47.86,20.2,16,37867.47,4.96,205002.89
2337,Italian,Airport,175.0,510.67,70.08,93.2,13,37384.01,3.11,173641.06
2338,North Indian,Mall,255.4,1292.49,79.22,106.2,26,6348.97,1.54,300536.65
2339,Continental,Food Court,448.7,764.42,27.51,66.6,23,2244.7,3.64,271802.63
2340,Chinese,High Street,266.1,1446.96,80.16,112.2,21,99015.03,4.35,367269.89
2341,South Indian,Standalone,460.2,1172.94,7.15,54.3,25,63236.83,1.22,345329.09
2342,South Indian,Airport,155.3,1345.99,14.41,105.6,31,65043.83,3.26,315545.74
2343,Italian,Airport,99.3,1331.75,16.79,81.0,36,9497.75,4.32,252516.35
2344,North Indian,Standalone,422.8,427.05,2.78,23.9,10,29361.22,1.64,201601.5
2345,Fast Food,Airport,143.8,170.49,83.87,39.7,21,58997.76,3.46,127092.02
2346,North Indian,High Street,180.2,1207.48,41.44,63.8,14,90440.49,2.33,312856.58
2347,Fast Food,Airport,293.6,825.31,40.51,123.8,16,73326.07,2.2,275041.1
2348,Italian,Mall,272.5,458.02,25.42,56.1,3,38718.7,2.64,183309.22
2349,Chinese,Airport,243.9,157.17,39.39,141.3,16,99448.35,1.06,174921.98
2350,Continental,Mall,267.6,1030.02,42.81,19.8,20,25595.37,4.29,257377.18
2351,South Indian,Food Court,255.7,401.88,25.1,62.5,16,25511.14,2.08,172753.1
2352,North Indian,Food Court,372.1,727.68,96.29,12.5,8,50580.46,2.01,277645.18
2353,North Indian,Airport,89.4,418.67,79.07,59.2,16,27428.04,1.0,128801.84
2354,South Indian,Mall,114.9,639.87,52.19,148.3,19,68220.06,2.48,209067.54
2355,Chinese,Mall,273.6,984.12,14.76,98.9,35,53391.23,4.09,271814.29
2356,Italian,Airport,491.5,582.25,1.79,27.9,19,98383.01,2.88,308517.68
2357,North Indian,Food Court,119.3,1349.95,39.25,116.5,34,23262.44,2.46,284933.27
2358,South Indian,Standalone,248.2,765.09,20.98,148.1,38,95774.46,3.12,268990.32
2359,North Indian,Standalone,417.2,900.48,50.71,41.7,7,99008.64,4.91,335346.99
2360,Chinese,Food Court,228.8,995.08,41.43,84.6,6,97666.06,3.05,290055.59
2361,Continental,Food Court,111.7,1236.38,73.47,139.0,21,4499.35,2.26,269157.69
2362,Chinese,Standalone,417.7,551.97,80.81,126.0,32,40767.11,1.51,257167.78
2363,Chinese,Airport,470.9,392.05,49.38,34.4,22,95064.38,2.19,263392.37
2364,Chinese,Mall,156.2,276.66,65.82,131.3,37,78973.03,2.44,175195.82
2365,North Indian,Food Court,411.7,920.98,15.66,104.0,8,30431.03,1.2,287510.79
2366,Fast Food,High Street,173.5,798.15,67.03,21.5,36,69861.3,1.32,240402.43
2367,Italian,Mall,395.6,1479.63,83.85,143.7,36,46102.05,1.81,429911.22
2368,Continental,Standalone,466.3,221.61,32.38,39.0,15,18342.74,4.97,202954.9
2369,North Indian,High Street,256.1,334.93,14.12,119.0,23,39396.13,4.71,181098.83
2370,North Indian,High Street,167.3,1447.51,30.38,140.9,20,69660.64,4.13,318312.43
2371,North Indian,Airport,471.9,469.37,73.95,43.6,15,39104.23,4.66,272316.28
2372,Italian,High Street,252.0,155.35,80.64,102.1,24,60833.03,3.49,170214.68
2373,Fast Food,Airport,410.1,1044.76,56.25,140.0,31,21383.53,3.97,338249.38
2374,Fast Food,Standalone,371.7,660.67,46.51,53.7,26,76395.55,2.54,268206.27
2375,Chinese,Food Court,85.6,1091.82,84.25,27.1,27,49247.06,1.43,225686.67
2376,Chinese,Airport,193.0,293.43,81.74,63.7,18,42899.51,1.88,157100.24
2377,Continental,High Street,100.4,831.58,66.06,47.1,8,51778.82,4.22,193520.83
2378,Continental,Mall,108.2,1042.95,76.94,26.4,26,49699.97,3.41,241539.61
2379,Chinese,Standalone,304.6,1326.51,84.19,19.6,36,70375.35,1.27,368921.23
2380,Fast Food,Mall,250.4,156.86,27.56,127.0,22,93920.7,2.44,175737.99
2381,Fast Food,Mall,341.1,1353.12,83.3,144.1,21,30427.47,2.63,394860.13
2382,Italian,Mall,284.7,825.4,95.55,70.2,21,17380.1,1.4,264274.87
2383,South Indian,Airport,312.8,522.92,91.44,103.5,37,81213.21,1.85,246430.08
2384,Fast Food,Standalone,497.0,1237.76,63.33,118.8,24,57989.38,4.3,403329.69
2385,Italian,Airport,199.5,340.68,37.62,89.7,21,49247.06,2.36,161760.3
2386,Italian,Airport,100.2,939.86,34.35,36.6,4,49835.79,4.85,202876.86
2387,Fast Food,Airport,196.6,1405.22,67.92,30.3,12,2197.06,2.65,285366.31
2388,Continental,Airport,254.3,1194.63,7.31,62.0,32,74514.15,1.98,305003.04
2389,Chinese,Food Court,184.5,592.46,49.92,91.2,31,73246.45,3.45,195320.94
2390,Chinese,Airport,101.0,630.94,37.89,84.0,5,63970.21,1.68,177883.1
2391,Fast Food,Standalone,75.7,1239.92,21.06,70.0,21,20051.86,1.65,236258.96
2392,South Indian,Standalone,316.7,293.84,57.37,112.6,17,44900.56,1.68,181179.19
2393,North Indian,High Street,122.3,268.23,17.68,103.7,23,12038.05,3.64,111594.4
2394,North Indian,Standalone,223.3,604.02,7.99,75.5,9,80716.38,2.86,220127.14
2395,Chinese,Airport,248.7,909.21,59.3,60.5,16,1148.18,2.47,241003.04
2396,Chinese,Airport,252.2,1487.93,53.18,123.7,25,55523.82,1.16,353902.13
2397,South Indian,Airport,305.3,855.47,88.38,132.7,15,36432.94,3.89,286094.47
2398,Chinese,Standalone,465.1,163.51,49.97,62.1,8,70915.72,1.48,225258.06
2399,Italian,High Street,359.9,412.53,8.64,112.4,33,32198.31,2.69,215350.71
2400,Continental,Airport,331.2,832.64,98.72,119.0,21,3005.83,4.23,261558.27
2401,Continental,Mall,396.5,1279.12,19.62,101.3,11,90373.25,3.72,384120.41
2402,Italian,Airport,162.4,1237.78,8.27,122.1,4,31475.65,2.96,281089.31
2403,Italian,Food Court,416.0,962.67,59.59,80.6,24,16719.71,3.57,303598.99
2404,North Indian,Standalone,58.6,474.42,7.36,111.6,27,68988.2,1.68,157073.0
2405,North Indian,Standalone,116.8,1079.28,44.48,92.2,10,9489.32,3.0,223067.67
2406,Continental,Mall,244.0,286.27,2.45,126.8,20,3425.46,1.12,138451.94
2407,Chinese,Standalone,100.0,1145.25,68.39,66.5,29,12270.57,1.65,232812.08
2408,Continental,Standalone,403.7,466.04,7.43,122.8,35,42871.62,3.55,243924.74
2409,Continental,Food Court,80.0,444.67,0.38,88.5,36,64879.31,2.8,133951.05
2410,North Indian,Standalone,229.0,1255.1,79.97,141.3,14,21125.47,2.96,300519.03
2411,Fast Food,Food Court,388.3,1406.89,28.71,45.5,21,49247.06,2.84,355523.03
2412,Continental,Airport,59.3,545.45,97.15,53.1,26,43248.0,3.99,161164.0
2413,Italian,Food Court,425.8,171.19,41.66,43.3,17,26799.5,4.96,201297.75
2414,Italian,Standalone,442.1,302.91,42.31,132.9,15,12001.3,1.65,217070.33
2415,Continental,High Street,53.5,1469.52,67.04,87.5,5,52757.22,2.33,263250.37
2416,Chinese,Airport,122.3,1170.55,7.12,43.7,28,14367.64,1.33,258550.26
2417,Italian,Mall,417.2,1167.6,25.23,19.1,17,65704.58,2.8,353852.41
2418,Continental,Food Court,104.7,1381.03,94.58,19.2,38,7946.95,2.04,270334.61
2419,Chinese,Food Court,97.0,1282.61,83.59,136.0,15,1148.18,1.44,260259.74
2420,North Indian,Standalone,156.6,156.08,55.28,129.0,18,22437.83,4.08,119013.46
2421,Chinese,Mall,186.3,835.75,31.58,127.8,22,52710.98,2.78,232499.96
2422,North Indian,Food Court,93.7,1199.87,89.44,129.9,18,49875.15,3.76,277589.89
2423,South Indian,Mall,452.8,332.5,3.86,52.8,32,46433.27,3.93,224515.81
2424,Fast Food,Airport,175.0,234.35,2.66,61.0,37,92044.1,1.54,150218.93
2425,North Indian,High Street,328.7,604.07,65.3,72.5,31,41049.69,3.97,239710.23
2426,Italian,High Street,364.2,958.49,81.58,108.6,8,17873.12,1.72,274327.2
2427,Continental,Standalone,285.6,932.74,79.12,50.7,19,58466.01,2.6,287014.6
2428,Continental,Mall,236.7,506.8,31.82,143.8,20,57766.92,1.94,211446.45
2429,South Indian,Standalone,106.1,234.3,71.92,132.8,27,96759.92,2.54,157741.48
2430,Chinese,Airport,198.8,1232.97,29.61,105.9,16,87728.02,2.73,326736.22
2431,Continental,High Street,278.2,991.61,98.46,57.5,20,39494.87,4.79,295953.82
2432,Italian,Airport,267.6,843.5,52.57,104.9,33,53166.25,1.54,259134.89
2433,North Indian,High Street,377.4,1353.27,95.18,145.1,4,65048.33,4.46,408561.21
2434,North Indian,Mall,314.5,1033.0,92.47,114.1,16,16439.9,4.98,286750.0
2435,Italian,Food Court,238.4,152.95,29.32,97.2,24,67666.88,4.41,151664.22
2436,Chinese,Airport,281.3,606.49,39.69,60.7,21,40656.76,4.73,216233.11
2437,North Indian,Airport,258.4,521.87,13.2,61.9,23,68768.05,4.28,222013.06
2438,South Indian,High Street,100.4,762.72,27.93,76.3,26,63113.69,4.95,212839.06
2439,Italian,Mall,261.1,293.27,35.31,39.4,4,1960.34,2.24,142563.75
2440,North Indian,Airport,340.2,1153.86,99.17,131.1,28,32445.34,4.81,353015.76
2441,Fast Food,Food Court,444.9,998.37,57.52,11.1,14,50688.04,3.34,319396.04
2442,South Indian,High Street,196.8,1001.06,77.62,81.0,10,47717.76,1.27,265447.38
2443,Fast Food,Food Court,422.6,666.97,1.69,98.8,24,86779.25,1.8,288390.77
2444,Fast Food,Food Court,167.2,1204.7,45.88,62.1,27,31913.22,2.32,284411.97
2445,Italian,Mall,87.9,1388.97,80.08,42.2,12,69727.43,2.45,296383.92
2446,North Indian,Mall,254.8,1288.1,16.71,128.5,16,50487.82,2.88,316398.81
2447,Continental,Food Court,328.6,1478.04,72.32,22.0,21,19614.08,3.05,364922.81
2448,Italian,Standalone,75.0,1126.13,90.44,55.6,21,18090.25,3.96,244328.86
2449,South Indian,Airport,401.7,222.17,99.95,71.6,26,47752.4,1.55,209996.41
2450,Italian,Airport,75.3,1384.61,27.48,136.9,38,47454.64,4.93,291896.4
2451,Chinese,Airport,311.5,616.64,68.93,75.0,11,86306.8,2.55,248558.28
2452,Chinese,Mall,309.1,1124.43,21.55,85.7,13,33307.47,1.19,260014.78
2453,Italian,High Street,329.2,1330.46,25.23,71.8,9,53977.45,1.42,345460.37
2454,Fast Food,Mall,212.7,1445.5,74.94,25.6,32,24495.74,4.67,335144.51
2455,South Indian,Standalone,101.9,1248.38,35.38,20.9,10,45628.86,3.94,263024.63
2456,South Indian,Mall,141.0,1147.55,79.41,63.5,10,48632.02,4.57,255196.16
2457,Continental,Food Court,378.0,630.95,9.6,149.4,19,46962.89,1.71,253054.21
2458,South Indian,Mall,172.9,677.44,42.61,103.9,9,87894.89,4.11,205418.91
2459,Italian,High Street,445.3,970.39,86.29,133.9,33,62478.01,2.89,374410.86
2460,Continental,Standalone,224.5,1001.65,12.15,67.6,16,85955.95,1.3,264949.17
2461,Continental,Mall,271.6,1443.07,67.54,81.0,36,80912.72,2.7,397848.49
2462,Chinese,Standalone,169.3,1448.2,95.81,132.4,15,60888.62,4.79,359695.25
2463,Fast Food,Food Court,116.5,1375.55,92.27,64.2,18,76294.33,3.69,304090.78
2464,Continental,Airport,438.6,835.75,92.24,111.8,26,30104.59,4.41,302083.51
2465,North Indian,Airport,352.6,244.08,70.17,129.9,30,15757.13,1.69,190970.9
2466,Italian,Airport,467.9,588.22,60.41,134.7,29,39335.04,4.79,282302.31
2467,South Indian,Airport,387.3,1160.12,68.01,146.8,24,30340.16,2.63,346259.9
2468,South Indian,Airport,462.7,161.7,53.66,24.7,29,32522.53,2.96,202640.38
2469,Continental,Food Court,201.1,1326.21,59.15,83.8,27,49247.06,2.81,294193.74
2470,Italian,Food Court,245.2,1446.29,36.36,17.5,21,30264.57,1.45,293387.72
2471,South Indian,Food Court,334.4,800.68,44.59,98.8,25,95616.57,2.01,299627.04
2472,Continental,Food Court,466.8,358.1,64.37,30.7,37,4488.57,3.81,222481.13
2473,Continental,Airport,267.6,798.02,59.38,69.2,8,35252.71,3.11,238105.38
2474,North Indian,Food Court,60.0,283.48,83.41,44.0,26,19694.12,4.84,110959.68
2475,North Indian,Airport,457.8,1346.6,44.01,49.0,39,33095.19,2.33,402314.05
2476,Continental,Standalone,162.7,929.84,30.27,87.1,19,25922.82,1.18,220239.03
2477,North Indian,Food Court,146.2,1075.02,34.09,88.5,21,12325.37,4.53,238573.85
2478,Fast Food,High Street,399.3,661.21,6.29,69.7,26,72550.57,4.05,284445.94
2479,North Indian,Food Court,178.7,1369.5,8.69,68.1,18,57100.84,2.05,291296.03
2480,Fast Food,Airport,132.2,470.61,58.34,125.7,3,2291.01,3.08,144004.55
2481,Italian,Food Court,478.6,693.61,47.54,11.1,32,11691.36,4.58,286757.7
2482,Chinese,Airport,130.3,964.84,14.74,51.9,24,80916.38,1.63,249487.72
2483,Italian,High Street,366.1,835.75,94.92,116.2,11,32392.81,2.56,262421.55
2484,Italian,Airport,387.6,225.6,34.92,81.5,37,25451.66,1.45,185356.36
2485,Chinese,Food Court,208.3,232.81,70.24,86.6,9,47219.67,2.45,145677.78
2486,North Indian,High Street,499.2,163.29,52.48,118.2,7,73710.7,2.77,241907.92
2487,Italian,Airport,344.2,571.93,40.8,63.9,9,14650.33,2.98,223313.62
2488,Fast Food,Mall,384.8,1167.47,39.54,116.7,7,55700.68,2.0,368058.68
2489,Continental,Mall,352.8,1482.04,41.35,92.4,20,58984.19,3.69,379515.18
2490,South Indian,Mall,169.7,1269.73,70.39,99.7,37,16088.34,1.53,280438.53
2491,Chinese,Airport,411.3,191.12,65.94,60.6,29,47102.91,3.58,217860.25
2492,Continental,Food Court,199.4,1103.08,67.98,145.5,10,95196.76,1.09,308794.85
2493,Continental,Mall,367.0,1208.3,96.61,81.0,36,13873.92,1.11,356244.34
2494,Italian,High Street,208.3,689.46,71.32,81.0,30,72513.52,4.0,242644.63
2495,Continental,Standalone,111.9,606.05,1.07,104.4,16,57787.17,1.55,163159.96
2496,North Indian,Food Court,356.6,1391.51,60.8,145.5,22,26964.79,2.01,346007.66
2497,North Indian,Airport,182.7,323.64,93.14,25.5,9,54244.17,4.67,152723.49
2498,North Indian,Mall,362.6,847.96,67.19,49.5,20,8439.07,3.43,278912.49
2499,Continental,Food Court,328.6,1305.12,33.51,123.6,30,16179.62,1.46,351493.78
2500,South Indian,Standalone,121.2,635.99,30.15,11.9,27,19200.98,3.02,172754.59
